,Unnamed: 0,Id_matching,Feature_x,Consequence_x,Protein_start,Protein_stop,wt,mut,seq,GeneID,TranscriptID,GeneName,UniProt,mutseq,Unnamed: 0_y,CHROM,start-b38,stop-b38,start-b37,stop-b37,REF,ALT,Consequence_y,IMPACT,SYMBOL,Gene,Feature_y,BIOTYPE,Origin,Classification,Pathogenicity category,DDD subset (n=151),CADD,CAPICE,FATHMM-indel,MutPredIndel,MutationTaster2021,PROVEAN,SIFT-indel,VEST-indel,VVP
2484,2484,2568,ENST00000268124.11,inframe_insertion,1081,,R,RR,MSRLLWRKVAGATVGPGPVPAPGRWVSSSVPASDPSDGQRRRQQQQQQQQQQQQQPQQPQVLSSEGGQLRHNPLDIQMLSRGLHEQIFGQGGEMPGEAAVRRSVEHLQKHGLWGQPAVPLPDVELRLPPLYGDNLDQHFRLLAQKQSLPYLEAANLLLQAQLPPKPPAWAWAEGWTRYGPEGEAVPVAIPEERALVFDVEVCLAEGTCPTLAVAISPSAWYSWCSQRLVEERYSWTSQLSPADLIPLEVPTGASSPTQRDWQEQLVVGHNVSFDRAHIREQYLIQGSRMRFLDTMSMHMAISGLSSFQRSLWIAAKQGKHKVQPPTKQGQKSQRKARRGPAISSWDWLDISSVNSLAEVHRLYVGGPPLEKEPRELFVKGTMKDIRENFQDLMQYCAQDVWATHEVFQQQLPLFLERCPHPVTLAGMLEMGVSYLPVNQNWERYLAEAQGTYEELQREMKKSLMDLANDACQLLSGERYKEDPWLWDLEWDLQEFKQKKAKKVKKEPATASKLPIEGAGAPGDPMDQEDLGPCSEEEEFQQDVMARACLQKLKGTTELLPKRPQHLPGHPGWYRKLCPRLDDPAWTPGPSLLSLQMRVTPKLMALTWDGFPLHYSERHGWGYLVPGRRDNLAKLPTGTTLESAGVVCPYRAIESLYRKHCLEQGKQQLMPQEAGLAEEFLLTDNSAIWQTVEELDYLEVEAEAKMENLRAAVPGQPLALTARGGPKDTQPSYHHGNGPYNDVDIPGCWFFKLPHKDGNSCNVGSPFAKDFLPKMEDGTLQAGPGGASGPRALEINKMISFWRNAHKRISSQMVVWLPRSALPRAVIRHPDYDEEGLYGAILPQVVTAGTITRRAVEPTWLTASNARPDRVGSELKAMVQAPPGYTLVGADVDSQELWIAAVLGDAHFAGMHGCTAFGWMTLQGRKSRGTDLHSKTATTVGISREHAKIFNYGRIYGAGQPFAERLLMQFNHRLTQQEAAEKAQQMYAATKGLRWYRLSDEGEWLVRELNLPVDRTEGGWISLQDLRKVQRETARKSQWKKWEVVAERAWKGGTESEMFNKLESIATSDIPRTPVLGCCISRALEPSAVQEEFMTSRVNWVVQSSAVDYLHLMLVAMKWLFEEFAIDGRFCISIHDEVRYLVREEDRYRAALALQITNLLTRCMFAYKLGLNDLPQSVAFFSAVDIDRCLRKEVTMDCKTPSNPTGMERRYGIPQGEALDIYQIIELTKGSLEKRSQPGP*,ENSG00000140521,ENST00000268124.11,POLG,P54098,MSRLLWRKVAGATVGPGPVPAPGRWVSSSVPASDPSDGQRRRQQQQQQQQQQQQQPQQPQVLSSEGGQLRHNPLDIQMLSRGLHEQIFGQGGEMPGEAAVRRSVEHLQKHGLWGQPAVPLPDVELRLPPLYGDNLDQHFRLLAQKQSLPYLEAANLLLQAQLPPKPPAWAWAEGWTRYGPEGEAVPVAIPEERALVFDVEVCLAEGTCPTLAVAISPSAWYSWCSQRLVEERYSWTSQLSPADLIPLEVPTGASSPTQRDWQEQLVVGHNVSFDRAHIREQYLIQGSRMRFLDTMSMHMAISGLSSFQRSLWIAAKQGKHKVQPPTKQGQKSQRKARRGPAISSWDWLDISSVNSLAEVHRLYVGGPPLEKEPRELFVKGTMKDIRENFQDLMQYCAQDVWATHEVFQQQLPLFLERCPHPVTLAGMLEMGVSYLPVNQNWERYLAEAQGTYEELQREMKKSLMDLANDACQLLSGERYKEDPWLWDLEWDLQEFKQKKAKKVKKEPATASKLPIEGAGAPGDPMDQEDLGPCSEEEEFQQDVMARACLQKLKGTTELLPKRPQHLPGHPGWYRKLCPRLDDPAWTPGPSLLSLQMRVTPKLMALTWDGFPLHYSERHGWGYLVPGRRDNLAKLPTGTTLESAGVVCPYRAIESLYRKHCLEQGKQQLMPQEAGLAEEFLLTDNSAIWQTVEELDYLEVEAEAKMENLRAAVPGQPLALTARGGPKDTQPSYHHGNGPYNDVDIPGCWFFKLPHKDGNSCNVGSPFAKDFLPKMEDGTLQAGPGGASGPRALEINKMISFWRNAHKRISSQMVVWLPRSALPRAVIRHPDYDEEGLYGAILPQVVTAGTITRRAVEPTWLTASNARPDRVGSELKAMVQAPPGYTLVGADVDSQELWIAAVLGDAHFAGMHGCTAFGWMTLQGRKSRGTDLHSKTATTVGISREHAKIFNYGRIYGAGQPFAERLLMQFNHRLTQQEAAEKAQQMYAATKGLRWYRLSDEGEWLVRELNLPVDRTEGGWISLQDLRKVQRETARKSQWKKWEVVAERAWKGGTESEMFNKLESIATSDIPRTPVLGCCISRRALEPSAVQEEFMTSRVNWVVQSSAVDYLHLMLVAMKWLFEEFAIDGRFCISIHDEVRYLVREEDRYRAALALQITNLLTRCMFAYKLGLNDLPQSVAFFSAVDIDRCLRKEVTMDCKTPSNPTGMERRYGIPQGEALDIYQIIELTKGSLEKRSQPGP*,,15,89318961,89318962,89862192,89862193,T,TCGG,inframe_insertion,MODERATE,POLG,ENSG00000140521,ENST00000268124.11,protein_coding,ClinVar,Likely pathogenic,P/LP,No,19.97,0.401923716,0.917691416,0.7282,Deleterious,-7.99,damaging,0.98,91.0
2485,2485,2569,ENST00000268124.11,inframe_deletion,797,798.0,MI,I,MSRLLWRKVAGATVGPGPVPAPGRWVSSSVPASDPSDGQRRRQQQQQQQQQQQQQPQQPQVLSSEGGQLRHNPLDIQMLSRGLHEQIFGQGGEMPGEAAVRRSVEHLQKHGLWGQPAVPLPDVELRLPPLYGDNLDQHFRLLAQKQSLPYLEAANLLLQAQLPPKPPAWAWAEGWTRYGPEGEAVPVAIPEERALVFDVEVCLAEGTCPTLAVAISPSAWYSWCSQRLVEERYSWTSQLSPADLIPLEVPTGASSPTQRDWQEQLVVGHNVSFDRAHIREQYLIQGSRMRFLDTMSMHMAISGLSSFQRSLWIAAKQGKHKVQPPTKQGQKSQRKARRGPAISSWDWLDISSVNSLAEVHRLYVGGPPLEKEPRELFVKGTMKDIRENFQDLMQYCAQDVWATHEVFQQQLPLFLERCPHPVTLAGMLEMGVSYLPVNQNWERYLAEAQGTYEELQREMKKSLMDLANDACQLLSGERYKEDPWLWDLEWDLQEFKQKKAKKVKKEPATASKLPIEGAGAPGDPMDQEDLGPCSEEEEFQQDVMARACLQKLKGTTELLPKRPQHLPGHPGWYRKLCPRLDDPAWTPGPSLLSLQMRVTPKLMALTWDGFPLHYSERHGWGYLVPGRRDNLAKLPTGTTLESAGVVCPYRAIESLYRKHCLEQGKQQLMPQEAGLAEEFLLTDNSAIWQTVEELDYLEVEAEAKMENLRAAVPGQPLALTARGGPKDTQPSYHHGNGPYNDVDIPGCWFFKLPHKDGNSCNVGSPFAKDFLPKMEDGTLQAGPGGASGPRALEINKMISFWRNAHKRISSQMVVWLPRSALPRAVIRHPDYDEEGLYGAILPQVVTAGTITRRAVEPTWLTASNARPDRVGSELKAMVQAPPGYTLVGADVDSQELWIAAVLGDAHFAGMHGCTAFGWMTLQGRKSRGTDLHSKTATTVGISREHAKIFNYGRIYGAGQPFAERLLMQFNHRLTQQEAAEKAQQMYAATKGLRWYRLSDEGEWLVRELNLPVDRTEGGWISLQDLRKVQRETARKSQWKKWEVVAERAWKGGTESEMFNKLESIATSDIPRTPVLGCCISRALEPSAVQEEFMTSRVNWVVQSSAVDYLHLMLVAMKWLFEEFAIDGRFCISIHDEVRYLVREEDRYRAALALQITNLLTRCMFAYKLGLNDLPQSVAFFSAVDIDRCLRKEVTMDCKTPSNPTGMERRYGIPQGEALDIYQIIELTKGSLEKRSQPGP*,ENSG00000140521,ENST00000268124.11,POLG,P54098,MSRLLWRKVAGATVGPGPVPAPGRWVSSSVPASDPSDGQRRRQQQQQQQQQQQQQPQQPQVLSSEGGQLRHNPLDIQMLSRGLHEQIFGQGGEMPGEAAVRRSVEHLQKHGLWGQPAVPLPDVELRLPPLYGDNLDQHFRLLAQKQSLPYLEAANLLLQAQLPPKPPAWAWAEGWTRYGPEGEAVPVAIPEERALVFDVEVCLAEGTCPTLAVAISPSAWYSWCSQRLVEERYSWTSQLSPADLIPLEVPTGASSPTQRDWQEQLVVGHNVSFDRAHIREQYLIQGSRMRFLDTMSMHMAISGLSSFQRSLWIAAKQGKHKVQPPTKQGQKSQRKARRGPAISSWDWLDISSVNSLAEVHRLYVGGPPLEKEPRELFVKGTMKDIRENFQDLMQYCAQDVWATHEVFQQQLPLFLERCPHPVTLAGMLEMGVSYLPVNQNWERYLAEAQGTYEELQREMKKSLMDLANDACQLLSGERYKEDPWLWDLEWDLQEFKQKKAKKVKKEPATASKLPIEGAGAPGDPMDQEDLGPCSEEEEFQQDVMARACLQKLKGTTELLPKRPQHLPGHPGWYRKLCPRLDDPAWTPGPSLLSLQMRVTPKLMALTWDGFPLHYSERHGWGYLVPGRRDNLAKLPTGTTLESAGVVCPYRAIESLYRKHCLEQGKQQLMPQEAGLAEEFLLTDNSAIWQTVEELDYLEVEAEAKMENLRAAVPGQPLALTARGGPKDTQPSYHHGNGPYNDVDIPGCWFFKLPHKDGNSCNVGSPFAKDFLPKMEDGTLQAGPGGASGPRALEINKISFWRNAHKRISSQMVVWLPRSALPRAVIRHPDYDEEGLYGAILPQVVTAGTITRRAVEPTWLTASNARPDRVGSELKAMVQAPPGYTLVGADVDSQELWIAAVLGDAHFAGMHGCTAFGWMTLQGRKSRGTDLHSKTATTVGISREHAKIFNYGRIYGAGQPFAERLLMQFNHRLTQQEAAEKAQQMYAATKGLRWYRLSDEGEWLVRELNLPVDRTEGGWISLQDLRKVQRETARKSQWKKWEVVAERAWKGGTESEMFNKLESIATSDIPRTPVLGCCISRALEPSAVQEEFMTSRVNWVVQSSAVDYLHLMLVAMKWLFEEFAIDGRFCISIHDEVRYLVREEDRYRAALALQITNLLTRCMFAYKLGLNDLPQSVAFFSAVDIDRCLRKEVTMDCKTPSNPTGMERRYGIPQGEALDIYQIIELTKGSLEKRSQPGP*,,15,89322774,89322777,89866005,89866008,AATC,A,inframe_deletion,MODERATE,POLG,ENSG00000140521,ENST00000268124.11,protein_coding,ClinVar,Likely pathogenic,P/LP,No,20.6,0.947609484,0.994785308,0.74385,Deleterious,-11.92,damaging,1.0,93.0
2486,2486,2570,ENST00000268124.11,inframe_insertion,56,,P,PQQP,MSRLLWRKVAGATVGPGPVPAPGRWVSSSVPASDPSDGQRRRQQQQQQQQQQQQQPQQPQVLSSEGGQLRHNPLDIQMLSRGLHEQIFGQGGEMPGEAAVRRSVEHLQKHGLWGQPAVPLPDVELRLPPLYGDNLDQHFRLLAQKQSLPYLEAANLLLQAQLPPKPPAWAWAEGWTRYGPEGEAVPVAIPEERALVFDVEVCLAEGTCPTLAVAISPSAWYSWCSQRLVEERYSWTSQLSPADLIPLEVPTGASSPTQRDWQEQLVVGHNVSFDRAHIREQYLIQGSRMRFLDTMSMHMAISGLSSFQRSLWIAAKQGKHKVQPPTKQGQKSQRKARRGPAISSWDWLDISSVNSLAEVHRLYVGGPPLEKEPRELFVKGTMKDIRENFQDLMQYCAQDVWATHEVFQQQLPLFLERCPHPVTLAGMLEMGVSYLPVNQNWERYLAEAQGTYEELQREMKKSLMDLANDACQLLSGERYKEDPWLWDLEWDLQEFKQKKAKKVKKEPATASKLPIEGAGAPGDPMDQEDLGPCSEEEEFQQDVMARACLQKLKGTTELLPKRPQHLPGHPGWYRKLCPRLDDPAWTPGPSLLSLQMRVTPKLMALTWDGFPLHYSERHGWGYLVPGRRDNLAKLPTGTTLESAGVVCPYRAIESLYRKHCLEQGKQQLMPQEAGLAEEFLLTDNSAIWQTVEELDYLEVEAEAKMENLRAAVPGQPLALTARGGPKDTQPSYHHGNGPYNDVDIPGCWFFKLPHKDGNSCNVGSPFAKDFLPKMEDGTLQAGPGGASGPRALEINKMISFWRNAHKRISSQMVVWLPRSALPRAVIRHPDYDEEGLYGAILPQVVTAGTITRRAVEPTWLTASNARPDRVGSELKAMVQAPPGYTLVGADVDSQELWIAAVLGDAHFAGMHGCTAFGWMTLQGRKSRGTDLHSKTATTVGISREHAKIFNYGRIYGAGQPFAERLLMQFNHRLTQQEAAEKAQQMYAATKGLRWYRLSDEGEWLVRELNLPVDRTEGGWISLQDLRKVQRETARKSQWKKWEVVAERAWKGGTESEMFNKLESIATSDIPRTPVLGCCISRALEPSAVQEEFMTSRVNWVVQSSAVDYLHLMLVAMKWLFEEFAIDGRFCISIHDEVRYLVREEDRYRAALALQITNLLTRCMFAYKLGLNDLPQSVAFFSAVDIDRCLRKEVTMDCKTPSNPTGMERRYGIPQGEALDIYQIIELTKGSLEKRSQPGP*,ENSG00000140521,ENST00000268124.11,POLG,P54098,MSRLLWRKVAGATVGPGPVPAPGRWVSSSVPASDPSDGQRRRQQQQQQQQQQQQQPQQPQQPQVLSSEGGQLRHNPLDIQMLSRGLHEQIFGQGGEMPGEAAVRRSVEHLQKHGLWGQPAVPLPDVELRLPPLYGDNLDQHFRLLAQKQSLPYLEAANLLLQAQLPPKPPAWAWAEGWTRYGPEGEAVPVAIPEERALVFDVEVCLAEGTCPTLAVAISPSAWYSWCSQRLVEERYSWTSQLSPADLIPLEVPTGASSPTQRDWQEQLVVGHNVSFDRAHIREQYLIQGSRMRFLDTMSMHMAISGLSSFQRSLWIAAKQGKHKVQPPTKQGQKSQRKARRGPAISSWDWLDISSVNSLAEVHRLYVGGPPLEKEPRELFVKGTMKDIRENFQDLMQYCAQDVWATHEVFQQQLPLFLERCPHPVTLAGMLEMGVSYLPVNQNWERYLAEAQGTYEELQREMKKSLMDLANDACQLLSGERYKEDPWLWDLEWDLQEFKQKKAKKVKKEPATASKLPIEGAGAPGDPMDQEDLGPCSEEEEFQQDVMARACLQKLKGTTELLPKRPQHLPGHPGWYRKLCPRLDDPAWTPGPSLLSLQMRVTPKLMALTWDGFPLHYSERHGWGYLVPGRRDNLAKLPTGTTLESAGVVCPYRAIESLYRKHCLEQGKQQLMPQEAGLAEEFLLTDNSAIWQTVEELDYLEVEAEAKMENLRAAVPGQPLALTARGGPKDTQPSYHHGNGPYNDVDIPGCWFFKLPHKDGNSCNVGSPFAKDFLPKMEDGTLQAGPGGASGPRALEINKMISFWRNAHKRISSQMVVWLPRSALPRAVIRHPDYDEEGLYGAILPQVVTAGTITRRAVEPTWLTASNARPDRVGSELKAMVQAPPGYTLVGADVDSQELWIAAVLGDAHFAGMHGCTAFGWMTLQGRKSRGTDLHSKTATTVGISREHAKIFNYGRIYGAGQPFAERLLMQFNHRLTQQEAAEKAQQMYAATKGLRWYRLSDEGEWLVRELNLPVDRTEGGWISLQDLRKVQRETARKSQWKKWEVVAERAWKGGTESEMFNKLESIATSDIPRTPVLGCCISRALEPSAVQEEFMTSRVNWVVQSSAVDYLHLMLVAMKWLFEEFAIDGRFCISIHDEVRYLVREEDRYRAALALQITNLLTRCMFAYKLGLNDLPQSVAFFSAVDIDRCLRKEVTMDCKTPSNPTGMERRYGIPQGEALDIYQIIELTKGSLEKRSQPGP*,,15,89333587,89333588,89876818,89876819,A,AGGCTGCTGT,inframe_insertion,MODERATE,POLG,ENSG00000140521,ENST00000268124.11,protein_coding,ClinVar,Likely benign,B/LB,No,8.843,0.003837099,0.005497728,0.44721,Benign,-1.01,neutral,0.67,96.0
2487,2487,2571,ENST00000268124.11,inframe_insertion,56,,P,QQQP,MSRLLWRKVAGATVGPGPVPAPGRWVSSSVPASDPSDGQRRRQQQQQQQQQQQQQPQQPQVLSSEGGQLRHNPLDIQMLSRGLHEQIFGQGGEMPGEAAVRRSVEHLQKHGLWGQPAVPLPDVELRLPPLYGDNLDQHFRLLAQKQSLPYLEAANLLLQAQLPPKPPAWAWAEGWTRYGPEGEAVPVAIPEERALVFDVEVCLAEGTCPTLAVAISPSAWYSWCSQRLVEERYSWTSQLSPADLIPLEVPTGASSPTQRDWQEQLVVGHNVSFDRAHIREQYLIQGSRMRFLDTMSMHMAISGLSSFQRSLWIAAKQGKHKVQPPTKQGQKSQRKARRGPAISSWDWLDISSVNSLAEVHRLYVGGPPLEKEPRELFVKGTMKDIRENFQDLMQYCAQDVWATHEVFQQQLPLFLERCPHPVTLAGMLEMGVSYLPVNQNWERYLAEAQGTYEELQREMKKSLMDLANDACQLLSGERYKEDPWLWDLEWDLQEFKQKKAKKVKKEPATASKLPIEGAGAPGDPMDQEDLGPCSEEEEFQQDVMARACLQKLKGTTELLPKRPQHLPGHPGWYRKLCPRLDDPAWTPGPSLLSLQMRVTPKLMALTWDGFPLHYSERHGWGYLVPGRRDNLAKLPTGTTLESAGVVCPYRAIESLYRKHCLEQGKQQLMPQEAGLAEEFLLTDNSAIWQTVEELDYLEVEAEAKMENLRAAVPGQPLALTARGGPKDTQPSYHHGNGPYNDVDIPGCWFFKLPHKDGNSCNVGSPFAKDFLPKMEDGTLQAGPGGASGPRALEINKMISFWRNAHKRISSQMVVWLPRSALPRAVIRHPDYDEEGLYGAILPQVVTAGTITRRAVEPTWLTASNARPDRVGSELKAMVQAPPGYTLVGADVDSQELWIAAVLGDAHFAGMHGCTAFGWMTLQGRKSRGTDLHSKTATTVGISREHAKIFNYGRIYGAGQPFAERLLMQFNHRLTQQEAAEKAQQMYAATKGLRWYRLSDEGEWLVRELNLPVDRTEGGWISLQDLRKVQRETARKSQWKKWEVVAERAWKGGTESEMFNKLESIATSDIPRTPVLGCCISRALEPSAVQEEFMTSRVNWVVQSSAVDYLHLMLVAMKWLFEEFAIDGRFCISIHDEVRYLVREEDRYRAALALQITNLLTRCMFAYKLGLNDLPQSVAFFSAVDIDRCLRKEVTMDCKTPSNPTGMERRYGIPQGEALDIYQIIELTKGSLEKRSQPGP*,ENSG00000140521,ENST00000268124.11,POLG,P54098,MSRLLWRKVAGATVGPGPVPAPGRWVSSSVPASDPSDGQRRRQQQQQQQQQQQQQQQQPQQPQVLSSEGGQLRHNPLDIQMLSRGLHEQIFGQGGEMPGEAAVRRSVEHLQKHGLWGQPAVPLPDVELRLPPLYGDNLDQHFRLLAQKQSLPYLEAANLLLQAQLPPKPPAWAWAEGWTRYGPEGEAVPVAIPEERALVFDVEVCLAEGTCPTLAVAISPSAWYSWCSQRLVEERYSWTSQLSPADLIPLEVPTGASSPTQRDWQEQLVVGHNVSFDRAHIREQYLIQGSRMRFLDTMSMHMAISGLSSFQRSLWIAAKQGKHKVQPPTKQGQKSQRKARRGPAISSWDWLDISSVNSLAEVHRLYVGGPPLEKEPRELFVKGTMKDIRENFQDLMQYCAQDVWATHEVFQQQLPLFLERCPHPVTLAGMLEMGVSYLPVNQNWERYLAEAQGTYEELQREMKKSLMDLANDACQLLSGERYKEDPWLWDLEWDLQEFKQKKAKKVKKEPATASKLPIEGAGAPGDPMDQEDLGPCSEEEEFQQDVMARACLQKLKGTTELLPKRPQHLPGHPGWYRKLCPRLDDPAWTPGPSLLSLQMRVTPKLMALTWDGFPLHYSERHGWGYLVPGRRDNLAKLPTGTTLESAGVVCPYRAIESLYRKHCLEQGKQQLMPQEAGLAEEFLLTDNSAIWQTVEELDYLEVEAEAKMENLRAAVPGQPLALTARGGPKDTQPSYHHGNGPYNDVDIPGCWFFKLPHKDGNSCNVGSPFAKDFLPKMEDGTLQAGPGGASGPRALEINKMISFWRNAHKRISSQMVVWLPRSALPRAVIRHPDYDEEGLYGAILPQVVTAGTITRRAVEPTWLTASNARPDRVGSELKAMVQAPPGYTLVGADVDSQELWIAAVLGDAHFAGMHGCTAFGWMTLQGRKSRGTDLHSKTATTVGISREHAKIFNYGRIYGAGQPFAERLLMQFNHRLTQQEAAEKAQQMYAATKGLRWYRLSDEGEWLVRELNLPVDRTEGGWISLQDLRKVQRETARKSQWKKWEVVAERAWKGGTESEMFNKLESIATSDIPRTPVLGCCISRALEPSAVQEEFMTSRVNWVVQSSAVDYLHLMLVAMKWLFEEFAIDGRFCISIHDEVRYLVREEDRYRAALALQITNLLTRCMFAYKLGLNDLPQSVAFFSAVDIDRCLRKEVTMDCKTPSNPTGMERRYGIPQGEALDIYQIIELTKGSLEKRSQPGP*,,15,89333588,89333589,89876819,89876820,G,GGCTGCTGTTGCTGCTGCTGCTGCT,inframe_insertion,MODERATE,POLG,ENSG00000140521,ENST00000268124.11,protein_coding,ClinVar,Likely benign,B/LB,No,9.333,0.001938747,0.003638782,0.43219,Benign,-1.77,damaging,0.67,93.0
2488,2488,2572,ENST00000268124.11,inframe_insertion,56,,P,QQQQQQQQP,MSRLLWRKVAGATVGPGPVPAPGRWVSSSVPASDPSDGQRRRQQQQQQQQQQQQQPQQPQVLSSEGGQLRHNPLDIQMLSRGLHEQIFGQGGEMPGEAAVRRSVEHLQKHGLWGQPAVPLPDVELRLPPLYGDNLDQHFRLLAQKQSLPYLEAANLLLQAQLPPKPPAWAWAEGWTRYGPEGEAVPVAIPEERALVFDVEVCLAEGTCPTLAVAISPSAWYSWCSQRLVEERYSWTSQLSPADLIPLEVPTGASSPTQRDWQEQLVVGHNVSFDRAHIREQYLIQGSRMRFLDTMSMHMAISGLSSFQRSLWIAAKQGKHKVQPPTKQGQKSQRKARRGPAISSWDWLDISSVNSLAEVHRLYVGGPPLEKEPRELFVKGTMKDIRENFQDLMQYCAQDVWATHEVFQQQLPLFLERCPHPVTLAGMLEMGVSYLPVNQNWERYLAEAQGTYEELQREMKKSLMDLANDACQLLSGERYKEDPWLWDLEWDLQEFKQKKAKKVKKEPATASKLPIEGAGAPGDPMDQEDLGPCSEEEEFQQDVMARACLQKLKGTTELLPKRPQHLPGHPGWYRKLCPRLDDPAWTPGPSLLSLQMRVTPKLMALTWDGFPLHYSERHGWGYLVPGRRDNLAKLPTGTTLESAGVVCPYRAIESLYRKHCLEQGKQQLMPQEAGLAEEFLLTDNSAIWQTVEELDYLEVEAEAKMENLRAAVPGQPLALTARGGPKDTQPSYHHGNGPYNDVDIPGCWFFKLPHKDGNSCNVGSPFAKDFLPKMEDGTLQAGPGGASGPRALEINKMISFWRNAHKRISSQMVVWLPRSALPRAVIRHPDYDEEGLYGAILPQVVTAGTITRRAVEPTWLTASNARPDRVGSELKAMVQAPPGYTLVGADVDSQELWIAAVLGDAHFAGMHGCTAFGWMTLQGRKSRGTDLHSKTATTVGISREHAKIFNYGRIYGAGQPFAERLLMQFNHRLTQQEAAEKAQQMYAATKGLRWYRLSDEGEWLVRELNLPVDRTEGGWISLQDLRKVQRETARKSQWKKWEVVAERAWKGGTESEMFNKLESIATSDIPRTPVLGCCISRALEPSAVQEEFMTSRVNWVVQSSAVDYLHLMLVAMKWLFEEFAIDGRFCISIHDEVRYLVREEDRYRAALALQITNLLTRCMFAYKLGLNDLPQSVAFFSAVDIDRCLRKEVTMDCKTPSNPTGMERRYGIPQGEALDIYQIIELTKGSLEKRSQPGP*,ENSG00000140521,ENST00000268124.11,POLG,P54098,MSRLLWRKVAGATVGPGPVPAPGRWVSSSVPASDPSDGQRRRQQQQQQQQQQQQQQQQQQQQQPQQPQVLSSEGGQLRHNPLDIQMLSRGLHEQIFGQGGEMPGEAAVRRSVEHLQKHGLWGQPAVPLPDVELRLPPLYGDNLDQHFRLLAQKQSLPYLEAANLLLQAQLPPKPPAWAWAEGWTRYGPEGEAVPVAIPEERALVFDVEVCLAEGTCPTLAVAISPSAWYSWCSQRLVEERYSWTSQLSPADLIPLEVPTGASSPTQRDWQEQLVVGHNVSFDRAHIREQYLIQGSRMRFLDTMSMHMAISGLSSFQRSLWIAAKQGKHKVQPPTKQGQKSQRKARRGPAISSWDWLDISSVNSLAEVHRLYVGGPPLEKEPRELFVKGTMKDIRENFQDLMQYCAQDVWATHEVFQQQLPLFLERCPHPVTLAGMLEMGVSYLPVNQNWERYLAEAQGTYEELQREMKKSLMDLANDACQLLSGERYKEDPWLWDLEWDLQEFKQKKAKKVKKEPATASKLPIEGAGAPGDPMDQEDLGPCSEEEEFQQDVMARACLQKLKGTTELLPKRPQHLPGHPGWYRKLCPRLDDPAWTPGPSLLSLQMRVTPKLMALTWDGFPLHYSERHGWGYLVPGRRDNLAKLPTGTTLESAGVVCPYRAIESLYRKHCLEQGKQQLMPQEAGLAEEFLLTDNSAIWQTVEELDYLEVEAEAKMENLRAAVPGQPLALTARGGPKDTQPSYHHGNGPYNDVDIPGCWFFKLPHKDGNSCNVGSPFAKDFLPKMEDGTLQAGPGGASGPRALEINKMISFWRNAHKRISSQMVVWLPRSALPRAVIRHPDYDEEGLYGAILPQVVTAGTITRRAVEPTWLTASNARPDRVGSELKAMVQAPPGYTLVGADVDSQELWIAAVLGDAHFAGMHGCTAFGWMTLQGRKSRGTDLHSKTATTVGISREHAKIFNYGRIYGAGQPFAERLLMQFNHRLTQQEAAEKAQQMYAATKGLRWYRLSDEGEWLVRELNLPVDRTEGGWISLQDLRKVQRETARKSQWKKWEVVAERAWKGGTESEMFNKLESIATSDIPRTPVLGCCISRALEPSAVQEEFMTSRVNWVVQSSAVDYLHLMLVAMKWLFEEFAIDGRFCISIHDEVRYLVREEDRYRAALALQITNLLTRCMFAYKLGLNDLPQSVAFFSAVDIDRCLRKEVTMDCKTPSNPTGMERRYGIPQGEALDIYQIIELTKGSLEKRSQPGP*,,15,89333588,89333589,89876819,89876820,G,GGCTGCTGTT,inframe_insertion,MODERATE,POLG,ENSG00000140521,ENST00000268124.11,protein_coding,ClinVar,Likely benign,B/LB,No,9.985,0.001929659,0.006257541,0.43614,Benign,-0.75,damaging,0.67,96.0
2489,2489,2573,ENST00000268124.11,inframe_insertion,55,,Q,QQQ,MSRLLWRKVAGATVGPGPVPAPGRWVSSSVPASDPSDGQRRRQQQQQQQQQQQQQPQQPQVLSSEGGQLRHNPLDIQMLSRGLHEQIFGQGGEMPGEAAVRRSVEHLQKHGLWGQPAVPLPDVELRLPPLYGDNLDQHFRLLAQKQSLPYLEAANLLLQAQLPPKPPAWAWAEGWTRYGPEGEAVPVAIPEERALVFDVEVCLAEGTCPTLAVAISPSAWYSWCSQRLVEERYSWTSQLSPADLIPLEVPTGASSPTQRDWQEQLVVGHNVSFDRAHIREQYLIQGSRMRFLDTMSMHMAISGLSSFQRSLWIAAKQGKHKVQPPTKQGQKSQRKARRGPAISSWDWLDISSVNSLAEVHRLYVGGPPLEKEPRELFVKGTMKDIRENFQDLMQYCAQDVWATHEVFQQQLPLFLERCPHPVTLAGMLEMGVSYLPVNQNWERYLAEAQGTYEELQREMKKSLMDLANDACQLLSGERYKEDPWLWDLEWDLQEFKQKKAKKVKKEPATASKLPIEGAGAPGDPMDQEDLGPCSEEEEFQQDVMARACLQKLKGTTELLPKRPQHLPGHPGWYRKLCPRLDDPAWTPGPSLLSLQMRVTPKLMALTWDGFPLHYSERHGWGYLVPGRRDNLAKLPTGTTLESAGVVCPYRAIESLYRKHCLEQGKQQLMPQEAGLAEEFLLTDNSAIWQTVEELDYLEVEAEAKMENLRAAVPGQPLALTARGGPKDTQPSYHHGNGPYNDVDIPGCWFFKLPHKDGNSCNVGSPFAKDFLPKMEDGTLQAGPGGASGPRALEINKMISFWRNAHKRISSQMVVWLPRSALPRAVIRHPDYDEEGLYGAILPQVVTAGTITRRAVEPTWLTASNARPDRVGSELKAMVQAPPGYTLVGADVDSQELWIAAVLGDAHFAGMHGCTAFGWMTLQGRKSRGTDLHSKTATTVGISREHAKIFNYGRIYGAGQPFAERLLMQFNHRLTQQEAAEKAQQMYAATKGLRWYRLSDEGEWLVRELNLPVDRTEGGWISLQDLRKVQRETARKSQWKKWEVVAERAWKGGTESEMFNKLESIATSDIPRTPVLGCCISRALEPSAVQEEFMTSRVNWVVQSSAVDYLHLMLVAMKWLFEEFAIDGRFCISIHDEVRYLVREEDRYRAALALQITNLLTRCMFAYKLGLNDLPQSVAFFSAVDIDRCLRKEVTMDCKTPSNPTGMERRYGIPQGEALDIYQIIELTKGSLEKRSQPGP*,ENSG00000140521,ENST00000268124.11,POLG,P54098,MSRLLWRKVAGATVGPGPVPAPGRWVSSSVPASDPSDGQRRRQQQQQQQQQQQQQQQPQQPQVLSSEGGQLRHNPLDIQMLSRGLHEQIFGQGGEMPGEAAVRRSVEHLQKHGLWGQPAVPLPDVELRLPPLYGDNLDQHFRLLAQKQSLPYLEAANLLLQAQLPPKPPAWAWAEGWTRYGPEGEAVPVAIPEERALVFDVEVCLAEGTCPTLAVAISPSAWYSWCSQRLVEERYSWTSQLSPADLIPLEVPTGASSPTQRDWQEQLVVGHNVSFDRAHIREQYLIQGSRMRFLDTMSMHMAISGLSSFQRSLWIAAKQGKHKVQPPTKQGQKSQRKARRGPAISSWDWLDISSVNSLAEVHRLYVGGPPLEKEPRELFVKGTMKDIRENFQDLMQYCAQDVWATHEVFQQQLPLFLERCPHPVTLAGMLEMGVSYLPVNQNWERYLAEAQGTYEELQREMKKSLMDLANDACQLLSGERYKEDPWLWDLEWDLQEFKQKKAKKVKKEPATASKLPIEGAGAPGDPMDQEDLGPCSEEEEFQQDVMARACLQKLKGTTELLPKRPQHLPGHPGWYRKLCPRLDDPAWTPGPSLLSLQMRVTPKLMALTWDGFPLHYSERHGWGYLVPGRRDNLAKLPTGTTLESAGVVCPYRAIESLYRKHCLEQGKQQLMPQEAGLAEEFLLTDNSAIWQTVEELDYLEVEAEAKMENLRAAVPGQPLALTARGGPKDTQPSYHHGNGPYNDVDIPGCWFFKLPHKDGNSCNVGSPFAKDFLPKMEDGTLQAGPGGASGPRALEINKMISFWRNAHKRISSQMVVWLPRSALPRAVIRHPDYDEEGLYGAILPQVVTAGTITRRAVEPTWLTASNARPDRVGSELKAMVQAPPGYTLVGADVDSQELWIAAVLGDAHFAGMHGCTAFGWMTLQGRKSRGTDLHSKTATTVGISREHAKIFNYGRIYGAGQPFAERLLMQFNHRLTQQEAAEKAQQMYAATKGLRWYRLSDEGEWLVRELNLPVDRTEGGWISLQDLRKVQRETARKSQWKKWEVVAERAWKGGTESEMFNKLESIATSDIPRTPVLGCCISRALEPSAVQEEFMTSRVNWVVQSSAVDYLHLMLVAMKWLFEEFAIDGRFCISIHDEVRYLVREEDRYRAALALQITNLLTRCMFAYKLGLNDLPQSVAFFSAVDIDRCLRKEVTMDCKTPSNPTGMERRYGIPQGEALDIYQIIELTKGSLEKRSQPGP*,,15,89333590,89333591,89876821,89876822,C,CTGCTGT,inframe_insertion,MODERATE,POLG,ENSG00000140521,ENST00000268124.11,protein_coding,ClinVar,Likely benign,B/LB,No,11.65,0.004911813,0.010200648,0.43668,Benign,-0.58,damaging,0.5,80.0
2490,2490,2574,ENST00000268124.11,inframe_insertion,54,,Q,QQ,MSRLLWRKVAGATVGPGPVPAPGRWVSSSVPASDPSDGQRRRQQQQQQQQQQQQQPQQPQVLSSEGGQLRHNPLDIQMLSRGLHEQIFGQGGEMPGEAAVRRSVEHLQKHGLWGQPAVPLPDVELRLPPLYGDNLDQHFRLLAQKQSLPYLEAANLLLQAQLPPKPPAWAWAEGWTRYGPEGEAVPVAIPEERALVFDVEVCLAEGTCPTLAVAISPSAWYSWCSQRLVEERYSWTSQLSPADLIPLEVPTGASSPTQRDWQEQLVVGHNVSFDRAHIREQYLIQGSRMRFLDTMSMHMAISGLSSFQRSLWIAAKQGKHKVQPPTKQGQKSQRKARRGPAISSWDWLDISSVNSLAEVHRLYVGGPPLEKEPRELFVKGTMKDIRENFQDLMQYCAQDVWATHEVFQQQLPLFLERCPHPVTLAGMLEMGVSYLPVNQNWERYLAEAQGTYEELQREMKKSLMDLANDACQLLSGERYKEDPWLWDLEWDLQEFKQKKAKKVKKEPATASKLPIEGAGAPGDPMDQEDLGPCSEEEEFQQDVMARACLQKLKGTTELLPKRPQHLPGHPGWYRKLCPRLDDPAWTPGPSLLSLQMRVTPKLMALTWDGFPLHYSERHGWGYLVPGRRDNLAKLPTGTTLESAGVVCPYRAIESLYRKHCLEQGKQQLMPQEAGLAEEFLLTDNSAIWQTVEELDYLEVEAEAKMENLRAAVPGQPLALTARGGPKDTQPSYHHGNGPYNDVDIPGCWFFKLPHKDGNSCNVGSPFAKDFLPKMEDGTLQAGPGGASGPRALEINKMISFWRNAHKRISSQMVVWLPRSALPRAVIRHPDYDEEGLYGAILPQVVTAGTITRRAVEPTWLTASNARPDRVGSELKAMVQAPPGYTLVGADVDSQELWIAAVLGDAHFAGMHGCTAFGWMTLQGRKSRGTDLHSKTATTVGISREHAKIFNYGRIYGAGQPFAERLLMQFNHRLTQQEAAEKAQQMYAATKGLRWYRLSDEGEWLVRELNLPVDRTEGGWISLQDLRKVQRETARKSQWKKWEVVAERAWKGGTESEMFNKLESIATSDIPRTPVLGCCISRALEPSAVQEEFMTSRVNWVVQSSAVDYLHLMLVAMKWLFEEFAIDGRFCISIHDEVRYLVREEDRYRAALALQITNLLTRCMFAYKLGLNDLPQSVAFFSAVDIDRCLRKEVTMDCKTPSNPTGMERRYGIPQGEALDIYQIIELTKGSLEKRSQPGP*,ENSG00000140521,ENST00000268124.11,POLG,P54098,MSRLLWRKVAGATVGPGPVPAPGRWVSSSVPASDPSDGQRRRQQQQQQQQQQQQQQPQQPQVLSSEGGQLRHNPLDIQMLSRGLHEQIFGQGGEMPGEAAVRRSVEHLQKHGLWGQPAVPLPDVELRLPPLYGDNLDQHFRLLAQKQSLPYLEAANLLLQAQLPPKPPAWAWAEGWTRYGPEGEAVPVAIPEERALVFDVEVCLAEGTCPTLAVAISPSAWYSWCSQRLVEERYSWTSQLSPADLIPLEVPTGASSPTQRDWQEQLVVGHNVSFDRAHIREQYLIQGSRMRFLDTMSMHMAISGLSSFQRSLWIAAKQGKHKVQPPTKQGQKSQRKARRGPAISSWDWLDISSVNSLAEVHRLYVGGPPLEKEPRELFVKGTMKDIRENFQDLMQYCAQDVWATHEVFQQQLPLFLERCPHPVTLAGMLEMGVSYLPVNQNWERYLAEAQGTYEELQREMKKSLMDLANDACQLLSGERYKEDPWLWDLEWDLQEFKQKKAKKVKKEPATASKLPIEGAGAPGDPMDQEDLGPCSEEEEFQQDVMARACLQKLKGTTELLPKRPQHLPGHPGWYRKLCPRLDDPAWTPGPSLLSLQMRVTPKLMALTWDGFPLHYSERHGWGYLVPGRRDNLAKLPTGTTLESAGVVCPYRAIESLYRKHCLEQGKQQLMPQEAGLAEEFLLTDNSAIWQTVEELDYLEVEAEAKMENLRAAVPGQPLALTARGGPKDTQPSYHHGNGPYNDVDIPGCWFFKLPHKDGNSCNVGSPFAKDFLPKMEDGTLQAGPGGASGPRALEINKMISFWRNAHKRISSQMVVWLPRSALPRAVIRHPDYDEEGLYGAILPQVVTAGTITRRAVEPTWLTASNARPDRVGSELKAMVQAPPGYTLVGADVDSQELWIAAVLGDAHFAGMHGCTAFGWMTLQGRKSRGTDLHSKTATTVGISREHAKIFNYGRIYGAGQPFAERLLMQFNHRLTQQEAAEKAQQMYAATKGLRWYRLSDEGEWLVRELNLPVDRTEGGWISLQDLRKVQRETARKSQWKKWEVVAERAWKGGTESEMFNKLESIATSDIPRTPVLGCCISRALEPSAVQEEFMTSRVNWVVQSSAVDYLHLMLVAMKWLFEEFAIDGRFCISIHDEVRYLVREEDRYRAALALQITNLLTRCMFAYKLGLNDLPQSVAFFSAVDIDRCLRKEVTMDCKTPSNPTGMERRYGIPQGEALDIYQIIELTKGSLEKRSQPGP*,,15,89333593,89333594,89876824,89876825,C,CTGT,inframe_insertion,MODERATE,POLG,ENSG00000140521,ENST00000268124.11,protein_coding,ClinVar,Likely benign,B/LB,No,11.54,0.000741062,0.006935522,0.43712,Benign,-0.26,damaging,0.44,72.0
2491,2491,2575,ENST00000268124.11,inframe_insertion,53,,Q,QQ,MSRLLWRKVAGATVGPGPVPAPGRWVSSSVPASDPSDGQRRRQQQQQQQQQQQQQPQQPQVLSSEGGQLRHNPLDIQMLSRGLHEQIFGQGGEMPGEAAVRRSVEHLQKHGLWGQPAVPLPDVELRLPPLYGDNLDQHFRLLAQKQSLPYLEAANLLLQAQLPPKPPAWAWAEGWTRYGPEGEAVPVAIPEERALVFDVEVCLAEGTCPTLAVAISPSAWYSWCSQRLVEERYSWTSQLSPADLIPLEVPTGASSPTQRDWQEQLVVGHNVSFDRAHIREQYLIQGSRMRFLDTMSMHMAISGLSSFQRSLWIAAKQGKHKVQPPTKQGQKSQRKARRGPAISSWDWLDISSVNSLAEVHRLYVGGPPLEKEPRELFVKGTMKDIRENFQDLMQYCAQDVWATHEVFQQQLPLFLERCPHPVTLAGMLEMGVSYLPVNQNWERYLAEAQGTYEELQREMKKSLMDLANDACQLLSGERYKEDPWLWDLEWDLQEFKQKKAKKVKKEPATASKLPIEGAGAPGDPMDQEDLGPCSEEEEFQQDVMARACLQKLKGTTELLPKRPQHLPGHPGWYRKLCPRLDDPAWTPGPSLLSLQMRVTPKLMALTWDGFPLHYSERHGWGYLVPGRRDNLAKLPTGTTLESAGVVCPYRAIESLYRKHCLEQGKQQLMPQEAGLAEEFLLTDNSAIWQTVEELDYLEVEAEAKMENLRAAVPGQPLALTARGGPKDTQPSYHHGNGPYNDVDIPGCWFFKLPHKDGNSCNVGSPFAKDFLPKMEDGTLQAGPGGASGPRALEINKMISFWRNAHKRISSQMVVWLPRSALPRAVIRHPDYDEEGLYGAILPQVVTAGTITRRAVEPTWLTASNARPDRVGSELKAMVQAPPGYTLVGADVDSQELWIAAVLGDAHFAGMHGCTAFGWMTLQGRKSRGTDLHSKTATTVGISREHAKIFNYGRIYGAGQPFAERLLMQFNHRLTQQEAAEKAQQMYAATKGLRWYRLSDEGEWLVRELNLPVDRTEGGWISLQDLRKVQRETARKSQWKKWEVVAERAWKGGTESEMFNKLESIATSDIPRTPVLGCCISRALEPSAVQEEFMTSRVNWVVQSSAVDYLHLMLVAMKWLFEEFAIDGRFCISIHDEVRYLVREEDRYRAALALQITNLLTRCMFAYKLGLNDLPQSVAFFSAVDIDRCLRKEVTMDCKTPSNPTGMERRYGIPQGEALDIYQIIELTKGSLEKRSQPGP*,ENSG00000140521,ENST00000268124.11,POLG,P54098,MSRLLWRKVAGATVGPGPVPAPGRWVSSSVPASDPSDGQRRRQQQQQQQQQQQQQQPQQPQVLSSEGGQLRHNPLDIQMLSRGLHEQIFGQGGEMPGEAAVRRSVEHLQKHGLWGQPAVPLPDVELRLPPLYGDNLDQHFRLLAQKQSLPYLEAANLLLQAQLPPKPPAWAWAEGWTRYGPEGEAVPVAIPEERALVFDVEVCLAEGTCPTLAVAISPSAWYSWCSQRLVEERYSWTSQLSPADLIPLEVPTGASSPTQRDWQEQLVVGHNVSFDRAHIREQYLIQGSRMRFLDTMSMHMAISGLSSFQRSLWIAAKQGKHKVQPPTKQGQKSQRKARRGPAISSWDWLDISSVNSLAEVHRLYVGGPPLEKEPRELFVKGTMKDIRENFQDLMQYCAQDVWATHEVFQQQLPLFLERCPHPVTLAGMLEMGVSYLPVNQNWERYLAEAQGTYEELQREMKKSLMDLANDACQLLSGERYKEDPWLWDLEWDLQEFKQKKAKKVKKEPATASKLPIEGAGAPGDPMDQEDLGPCSEEEEFQQDVMARACLQKLKGTTELLPKRPQHLPGHPGWYRKLCPRLDDPAWTPGPSLLSLQMRVTPKLMALTWDGFPLHYSERHGWGYLVPGRRDNLAKLPTGTTLESAGVVCPYRAIESLYRKHCLEQGKQQLMPQEAGLAEEFLLTDNSAIWQTVEELDYLEVEAEAKMENLRAAVPGQPLALTARGGPKDTQPSYHHGNGPYNDVDIPGCWFFKLPHKDGNSCNVGSPFAKDFLPKMEDGTLQAGPGGASGPRALEINKMISFWRNAHKRISSQMVVWLPRSALPRAVIRHPDYDEEGLYGAILPQVVTAGTITRRAVEPTWLTASNARPDRVGSELKAMVQAPPGYTLVGADVDSQELWIAAVLGDAHFAGMHGCTAFGWMTLQGRKSRGTDLHSKTATTVGISREHAKIFNYGRIYGAGQPFAERLLMQFNHRLTQQEAAEKAQQMYAATKGLRWYRLSDEGEWLVRELNLPVDRTEGGWISLQDLRKVQRETARKSQWKKWEVVAERAWKGGTESEMFNKLESIATSDIPRTPVLGCCISRALEPSAVQEEFMTSRVNWVVQSSAVDYLHLMLVAMKWLFEEFAIDGRFCISIHDEVRYLVREEDRYRAALALQITNLLTRCMFAYKLGLNDLPQSVAFFSAVDIDRCLRKEVTMDCKTPSNPTGMERRYGIPQGEALDIYQIIELTKGSLEKRSQPGP*,,15,89333596,89333597,89876827,89876828,T,TTGCTGCTGCTGC,inframe_insertion,MODERATE,POLG,ENSG00000140521,ENST00000268124.11,protein_coding,ClinVar,Likely benign,B/LB,No,5.134,0.000435747,0.002128361,0.43552,Benign,-1.18,neutral,0.39,94.0
2492,2492,2576,ENST00000268124.11,inframe_insertion,53,,Q,QQQ,MSRLLWRKVAGATVGPGPVPAPGRWVSSSVPASDPSDGQRRRQQQQQQQQQQQQQPQQPQVLSSEGGQLRHNPLDIQMLSRGLHEQIFGQGGEMPGEAAVRRSVEHLQKHGLWGQPAVPLPDVELRLPPLYGDNLDQHFRLLAQKQSLPYLEAANLLLQAQLPPKPPAWAWAEGWTRYGPEGEAVPVAIPEERALVFDVEVCLAEGTCPTLAVAISPSAWYSWCSQRLVEERYSWTSQLSPADLIPLEVPTGASSPTQRDWQEQLVVGHNVSFDRAHIREQYLIQGSRMRFLDTMSMHMAISGLSSFQRSLWIAAKQGKHKVQPPTKQGQKSQRKARRGPAISSWDWLDISSVNSLAEVHRLYVGGPPLEKEPRELFVKGTMKDIRENFQDLMQYCAQDVWATHEVFQQQLPLFLERCPHPVTLAGMLEMGVSYLPVNQNWERYLAEAQGTYEELQREMKKSLMDLANDACQLLSGERYKEDPWLWDLEWDLQEFKQKKAKKVKKEPATASKLPIEGAGAPGDPMDQEDLGPCSEEEEFQQDVMARACLQKLKGTTELLPKRPQHLPGHPGWYRKLCPRLDDPAWTPGPSLLSLQMRVTPKLMALTWDGFPLHYSERHGWGYLVPGRRDNLAKLPTGTTLESAGVVCPYRAIESLYRKHCLEQGKQQLMPQEAGLAEEFLLTDNSAIWQTVEELDYLEVEAEAKMENLRAAVPGQPLALTARGGPKDTQPSYHHGNGPYNDVDIPGCWFFKLPHKDGNSCNVGSPFAKDFLPKMEDGTLQAGPGGASGPRALEINKMISFWRNAHKRISSQMVVWLPRSALPRAVIRHPDYDEEGLYGAILPQVVTAGTITRRAVEPTWLTASNARPDRVGSELKAMVQAPPGYTLVGADVDSQELWIAAVLGDAHFAGMHGCTAFGWMTLQGRKSRGTDLHSKTATTVGISREHAKIFNYGRIYGAGQPFAERLLMQFNHRLTQQEAAEKAQQMYAATKGLRWYRLSDEGEWLVRELNLPVDRTEGGWISLQDLRKVQRETARKSQWKKWEVVAERAWKGGTESEMFNKLESIATSDIPRTPVLGCCISRALEPSAVQEEFMTSRVNWVVQSSAVDYLHLMLVAMKWLFEEFAIDGRFCISIHDEVRYLVREEDRYRAALALQITNLLTRCMFAYKLGLNDLPQSVAFFSAVDIDRCLRKEVTMDCKTPSNPTGMERRYGIPQGEALDIYQIIELTKGSLEKRSQPGP*,ENSG00000140521,ENST00000268124.11,POLG,P54098,MSRLLWRKVAGATVGPGPVPAPGRWVSSSVPASDPSDGQRRRQQQQQQQQQQQQQQQPQQPQVLSSEGGQLRHNPLDIQMLSRGLHEQIFGQGGEMPGEAAVRRSVEHLQKHGLWGQPAVPLPDVELRLPPLYGDNLDQHFRLLAQKQSLPYLEAANLLLQAQLPPKPPAWAWAEGWTRYGPEGEAVPVAIPEERALVFDVEVCLAEGTCPTLAVAISPSAWYSWCSQRLVEERYSWTSQLSPADLIPLEVPTGASSPTQRDWQEQLVVGHNVSFDRAHIREQYLIQGSRMRFLDTMSMHMAISGLSSFQRSLWIAAKQGKHKVQPPTKQGQKSQRKARRGPAISSWDWLDISSVNSLAEVHRLYVGGPPLEKEPRELFVKGTMKDIRENFQDLMQYCAQDVWATHEVFQQQLPLFLERCPHPVTLAGMLEMGVSYLPVNQNWERYLAEAQGTYEELQREMKKSLMDLANDACQLLSGERYKEDPWLWDLEWDLQEFKQKKAKKVKKEPATASKLPIEGAGAPGDPMDQEDLGPCSEEEEFQQDVMARACLQKLKGTTELLPKRPQHLPGHPGWYRKLCPRLDDPAWTPGPSLLSLQMRVTPKLMALTWDGFPLHYSERHGWGYLVPGRRDNLAKLPTGTTLESAGVVCPYRAIESLYRKHCLEQGKQQLMPQEAGLAEEFLLTDNSAIWQTVEELDYLEVEAEAKMENLRAAVPGQPLALTARGGPKDTQPSYHHGNGPYNDVDIPGCWFFKLPHKDGNSCNVGSPFAKDFLPKMEDGTLQAGPGGASGPRALEINKMISFWRNAHKRISSQMVVWLPRSALPRAVIRHPDYDEEGLYGAILPQVVTAGTITRRAVEPTWLTASNARPDRVGSELKAMVQAPPGYTLVGADVDSQELWIAAVLGDAHFAGMHGCTAFGWMTLQGRKSRGTDLHSKTATTVGISREHAKIFNYGRIYGAGQPFAERLLMQFNHRLTQQEAAEKAQQMYAATKGLRWYRLSDEGEWLVRELNLPVDRTEGGWISLQDLRKVQRETARKSQWKKWEVVAERAWKGGTESEMFNKLESIATSDIPRTPVLGCCISRALEPSAVQEEFMTSRVNWVVQSSAVDYLHLMLVAMKWLFEEFAIDGRFCISIHDEVRYLVREEDRYRAALALQITNLLTRCMFAYKLGLNDLPQSVAFFSAVDIDRCLRKEVTMDCKTPSNPTGMERRYGIPQGEALDIYQIIELTKGSLEKRSQPGP*,,15,89333596,89333597,89876827,89876828,T,TTGCTGCTGC,inframe_insertion,MODERATE,POLG,ENSG00000140521,ENST00000268124.11,protein_coding,ClinVar,Benign/Likely benign,B/LB,No,5.278,0.000403083,0.00208747,0.43614,Benign,-0.75,neutral,0.39,17.0
2493,2493,2577,ENST00000268124.11,inframe_insertion,53,,Q,QQQQ,MSRLLWRKVAGATVGPGPVPAPGRWVSSSVPASDPSDGQRRRQQQQQQQQQQQQQPQQPQVLSSEGGQLRHNPLDIQMLSRGLHEQIFGQGGEMPGEAAVRRSVEHLQKHGLWGQPAVPLPDVELRLPPLYGDNLDQHFRLLAQKQSLPYLEAANLLLQAQLPPKPPAWAWAEGWTRYGPEGEAVPVAIPEERALVFDVEVCLAEGTCPTLAVAISPSAWYSWCSQRLVEERYSWTSQLSPADLIPLEVPTGASSPTQRDWQEQLVVGHNVSFDRAHIREQYLIQGSRMRFLDTMSMHMAISGLSSFQRSLWIAAKQGKHKVQPPTKQGQKSQRKARRGPAISSWDWLDISSVNSLAEVHRLYVGGPPLEKEPRELFVKGTMKDIRENFQDLMQYCAQDVWATHEVFQQQLPLFLERCPHPVTLAGMLEMGVSYLPVNQNWERYLAEAQGTYEELQREMKKSLMDLANDACQLLSGERYKEDPWLWDLEWDLQEFKQKKAKKVKKEPATASKLPIEGAGAPGDPMDQEDLGPCSEEEEFQQDVMARACLQKLKGTTELLPKRPQHLPGHPGWYRKLCPRLDDPAWTPGPSLLSLQMRVTPKLMALTWDGFPLHYSERHGWGYLVPGRRDNLAKLPTGTTLESAGVVCPYRAIESLYRKHCLEQGKQQLMPQEAGLAEEFLLTDNSAIWQTVEELDYLEVEAEAKMENLRAAVPGQPLALTARGGPKDTQPSYHHGNGPYNDVDIPGCWFFKLPHKDGNSCNVGSPFAKDFLPKMEDGTLQAGPGGASGPRALEINKMISFWRNAHKRISSQMVVWLPRSALPRAVIRHPDYDEEGLYGAILPQVVTAGTITRRAVEPTWLTASNARPDRVGSELKAMVQAPPGYTLVGADVDSQELWIAAVLGDAHFAGMHGCTAFGWMTLQGRKSRGTDLHSKTATTVGISREHAKIFNYGRIYGAGQPFAERLLMQFNHRLTQQEAAEKAQQMYAATKGLRWYRLSDEGEWLVRELNLPVDRTEGGWISLQDLRKVQRETARKSQWKKWEVVAERAWKGGTESEMFNKLESIATSDIPRTPVLGCCISRALEPSAVQEEFMTSRVNWVVQSSAVDYLHLMLVAMKWLFEEFAIDGRFCISIHDEVRYLVREEDRYRAALALQITNLLTRCMFAYKLGLNDLPQSVAFFSAVDIDRCLRKEVTMDCKTPSNPTGMERRYGIPQGEALDIYQIIELTKGSLEKRSQPGP*,ENSG00000140521,ENST00000268124.11,POLG,P54098,MSRLLWRKVAGATVGPGPVPAPGRWVSSSVPASDPSDGQRRRQQQQQQQQQQQQQQQQPQQPQVLSSEGGQLRHNPLDIQMLSRGLHEQIFGQGGEMPGEAAVRRSVEHLQKHGLWGQPAVPLPDVELRLPPLYGDNLDQHFRLLAQKQSLPYLEAANLLLQAQLPPKPPAWAWAEGWTRYGPEGEAVPVAIPEERALVFDVEVCLAEGTCPTLAVAISPSAWYSWCSQRLVEERYSWTSQLSPADLIPLEVPTGASSPTQRDWQEQLVVGHNVSFDRAHIREQYLIQGSRMRFLDTMSMHMAISGLSSFQRSLWIAAKQGKHKVQPPTKQGQKSQRKARRGPAISSWDWLDISSVNSLAEVHRLYVGGPPLEKEPRELFVKGTMKDIRENFQDLMQYCAQDVWATHEVFQQQLPLFLERCPHPVTLAGMLEMGVSYLPVNQNWERYLAEAQGTYEELQREMKKSLMDLANDACQLLSGERYKEDPWLWDLEWDLQEFKQKKAKKVKKEPATASKLPIEGAGAPGDPMDQEDLGPCSEEEEFQQDVMARACLQKLKGTTELLPKRPQHLPGHPGWYRKLCPRLDDPAWTPGPSLLSLQMRVTPKLMALTWDGFPLHYSERHGWGYLVPGRRDNLAKLPTGTTLESAGVVCPYRAIESLYRKHCLEQGKQQLMPQEAGLAEEFLLTDNSAIWQTVEELDYLEVEAEAKMENLRAAVPGQPLALTARGGPKDTQPSYHHGNGPYNDVDIPGCWFFKLPHKDGNSCNVGSPFAKDFLPKMEDGTLQAGPGGASGPRALEINKMISFWRNAHKRISSQMVVWLPRSALPRAVIRHPDYDEEGLYGAILPQVVTAGTITRRAVEPTWLTASNARPDRVGSELKAMVQAPPGYTLVGADVDSQELWIAAVLGDAHFAGMHGCTAFGWMTLQGRKSRGTDLHSKTATTVGISREHAKIFNYGRIYGAGQPFAERLLMQFNHRLTQQEAAEKAQQMYAATKGLRWYRLSDEGEWLVRELNLPVDRTEGGWISLQDLRKVQRETARKSQWKKWEVVAERAWKGGTESEMFNKLESIATSDIPRTPVLGCCISRALEPSAVQEEFMTSRVNWVVQSSAVDYLHLMLVAMKWLFEEFAIDGRFCISIHDEVRYLVREEDRYRAALALQITNLLTRCMFAYKLGLNDLPQSVAFFSAVDIDRCLRKEVTMDCKTPSNPTGMERRYGIPQGEALDIYQIIELTKGSLEKRSQPGP*,,15,89333596,89333597,89876827,89876828,T,TTGTTGCTGC,inframe_insertion,MODERATE,POLG,ENSG00000140521,ENST00000268124.11,protein_coding,ClinVar,Likely benign,B/LB,No,5.278,0.000403083,0.002910631,0.43614,Benign,-0.75,neutral,0.39,17.0
2494,2494,2578,ENST00000268124.11,inframe_insertion,53,,Q,QQQQQ,MSRLLWRKVAGATVGPGPVPAPGRWVSSSVPASDPSDGQRRRQQQQQQQQQQQQQPQQPQVLSSEGGQLRHNPLDIQMLSRGLHEQIFGQGGEMPGEAAVRRSVEHLQKHGLWGQPAVPLPDVELRLPPLYGDNLDQHFRLLAQKQSLPYLEAANLLLQAQLPPKPPAWAWAEGWTRYGPEGEAVPVAIPEERALVFDVEVCLAEGTCPTLAVAISPSAWYSWCSQRLVEERYSWTSQLSPADLIPLEVPTGASSPTQRDWQEQLVVGHNVSFDRAHIREQYLIQGSRMRFLDTMSMHMAISGLSSFQRSLWIAAKQGKHKVQPPTKQGQKSQRKARRGPAISSWDWLDISSVNSLAEVHRLYVGGPPLEKEPRELFVKGTMKDIRENFQDLMQYCAQDVWATHEVFQQQLPLFLERCPHPVTLAGMLEMGVSYLPVNQNWERYLAEAQGTYEELQREMKKSLMDLANDACQLLSGERYKEDPWLWDLEWDLQEFKQKKAKKVKKEPATASKLPIEGAGAPGDPMDQEDLGPCSEEEEFQQDVMARACLQKLKGTTELLPKRPQHLPGHPGWYRKLCPRLDDPAWTPGPSLLSLQMRVTPKLMALTWDGFPLHYSERHGWGYLVPGRRDNLAKLPTGTTLESAGVVCPYRAIESLYRKHCLEQGKQQLMPQEAGLAEEFLLTDNSAIWQTVEELDYLEVEAEAKMENLRAAVPGQPLALTARGGPKDTQPSYHHGNGPYNDVDIPGCWFFKLPHKDGNSCNVGSPFAKDFLPKMEDGTLQAGPGGASGPRALEINKMISFWRNAHKRISSQMVVWLPRSALPRAVIRHPDYDEEGLYGAILPQVVTAGTITRRAVEPTWLTASNARPDRVGSELKAMVQAPPGYTLVGADVDSQELWIAAVLGDAHFAGMHGCTAFGWMTLQGRKSRGTDLHSKTATTVGISREHAKIFNYGRIYGAGQPFAERLLMQFNHRLTQQEAAEKAQQMYAATKGLRWYRLSDEGEWLVRELNLPVDRTEGGWISLQDLRKVQRETARKSQWKKWEVVAERAWKGGTESEMFNKLESIATSDIPRTPVLGCCISRALEPSAVQEEFMTSRVNWVVQSSAVDYLHLMLVAMKWLFEEFAIDGRFCISIHDEVRYLVREEDRYRAALALQITNLLTRCMFAYKLGLNDLPQSVAFFSAVDIDRCLRKEVTMDCKTPSNPTGMERRYGIPQGEALDIYQIIELTKGSLEKRSQPGP*,ENSG00000140521,ENST00000268124.11,POLG,P54098,MSRLLWRKVAGATVGPGPVPAPGRWVSSSVPASDPSDGQRRRQQQQQQQQQQQQQQQQQPQQPQVLSSEGGQLRHNPLDIQMLSRGLHEQIFGQGGEMPGEAAVRRSVEHLQKHGLWGQPAVPLPDVELRLPPLYGDNLDQHFRLLAQKQSLPYLEAANLLLQAQLPPKPPAWAWAEGWTRYGPEGEAVPVAIPEERALVFDVEVCLAEGTCPTLAVAISPSAWYSWCSQRLVEERYSWTSQLSPADLIPLEVPTGASSPTQRDWQEQLVVGHNVSFDRAHIREQYLIQGSRMRFLDTMSMHMAISGLSSFQRSLWIAAKQGKHKVQPPTKQGQKSQRKARRGPAISSWDWLDISSVNSLAEVHRLYVGGPPLEKEPRELFVKGTMKDIRENFQDLMQYCAQDVWATHEVFQQQLPLFLERCPHPVTLAGMLEMGVSYLPVNQNWERYLAEAQGTYEELQREMKKSLMDLANDACQLLSGERYKEDPWLWDLEWDLQEFKQKKAKKVKKEPATASKLPIEGAGAPGDPMDQEDLGPCSEEEEFQQDVMARACLQKLKGTTELLPKRPQHLPGHPGWYRKLCPRLDDPAWTPGPSLLSLQMRVTPKLMALTWDGFPLHYSERHGWGYLVPGRRDNLAKLPTGTTLESAGVVCPYRAIESLYRKHCLEQGKQQLMPQEAGLAEEFLLTDNSAIWQTVEELDYLEVEAEAKMENLRAAVPGQPLALTARGGPKDTQPSYHHGNGPYNDVDIPGCWFFKLPHKDGNSCNVGSPFAKDFLPKMEDGTLQAGPGGASGPRALEINKMISFWRNAHKRISSQMVVWLPRSALPRAVIRHPDYDEEGLYGAILPQVVTAGTITRRAVEPTWLTASNARPDRVGSELKAMVQAPPGYTLVGADVDSQELWIAAVLGDAHFAGMHGCTAFGWMTLQGRKSRGTDLHSKTATTVGISREHAKIFNYGRIYGAGQPFAERLLMQFNHRLTQQEAAEKAQQMYAATKGLRWYRLSDEGEWLVRELNLPVDRTEGGWISLQDLRKVQRETARKSQWKKWEVVAERAWKGGTESEMFNKLESIATSDIPRTPVLGCCISRALEPSAVQEEFMTSRVNWVVQSSAVDYLHLMLVAMKWLFEEFAIDGRFCISIHDEVRYLVREEDRYRAALALQITNLLTRCMFAYKLGLNDLPQSVAFFSAVDIDRCLRKEVTMDCKTPSNPTGMERRYGIPQGEALDIYQIIELTKGSLEKRSQPGP*,,15,89333596,89333597,89876827,89876828,T,TTGCTGTTGC,inframe_insertion,MODERATE,POLG,ENSG00000140521,ENST00000268124.11,protein_coding,ClinVar,Likely benign,B/LB,No,5.278,0.000403083,0.002910631,0.43614,Benign,-0.75,neutral,0.39,17.0
2495,2495,2579,ENST00000268124.11,inframe_insertion,53,,Q,QQQQ,MSRLLWRKVAGATVGPGPVPAPGRWVSSSVPASDPSDGQRRRQQQQQQQQQQQQQPQQPQVLSSEGGQLRHNPLDIQMLSRGLHEQIFGQGGEMPGEAAVRRSVEHLQKHGLWGQPAVPLPDVELRLPPLYGDNLDQHFRLLAQKQSLPYLEAANLLLQAQLPPKPPAWAWAEGWTRYGPEGEAVPVAIPEERALVFDVEVCLAEGTCPTLAVAISPSAWYSWCSQRLVEERYSWTSQLSPADLIPLEVPTGASSPTQRDWQEQLVVGHNVSFDRAHIREQYLIQGSRMRFLDTMSMHMAISGLSSFQRSLWIAAKQGKHKVQPPTKQGQKSQRKARRGPAISSWDWLDISSVNSLAEVHRLYVGGPPLEKEPRELFVKGTMKDIRENFQDLMQYCAQDVWATHEVFQQQLPLFLERCPHPVTLAGMLEMGVSYLPVNQNWERYLAEAQGTYEELQREMKKSLMDLANDACQLLSGERYKEDPWLWDLEWDLQEFKQKKAKKVKKEPATASKLPIEGAGAPGDPMDQEDLGPCSEEEEFQQDVMARACLQKLKGTTELLPKRPQHLPGHPGWYRKLCPRLDDPAWTPGPSLLSLQMRVTPKLMALTWDGFPLHYSERHGWGYLVPGRRDNLAKLPTGTTLESAGVVCPYRAIESLYRKHCLEQGKQQLMPQEAGLAEEFLLTDNSAIWQTVEELDYLEVEAEAKMENLRAAVPGQPLALTARGGPKDTQPSYHHGNGPYNDVDIPGCWFFKLPHKDGNSCNVGSPFAKDFLPKMEDGTLQAGPGGASGPRALEINKMISFWRNAHKRISSQMVVWLPRSALPRAVIRHPDYDEEGLYGAILPQVVTAGTITRRAVEPTWLTASNARPDRVGSELKAMVQAPPGYTLVGADVDSQELWIAAVLGDAHFAGMHGCTAFGWMTLQGRKSRGTDLHSKTATTVGISREHAKIFNYGRIYGAGQPFAERLLMQFNHRLTQQEAAEKAQQMYAATKGLRWYRLSDEGEWLVRELNLPVDRTEGGWISLQDLRKVQRETARKSQWKKWEVVAERAWKGGTESEMFNKLESIATSDIPRTPVLGCCISRALEPSAVQEEFMTSRVNWVVQSSAVDYLHLMLVAMKWLFEEFAIDGRFCISIHDEVRYLVREEDRYRAALALQITNLLTRCMFAYKLGLNDLPQSVAFFSAVDIDRCLRKEVTMDCKTPSNPTGMERRYGIPQGEALDIYQIIELTKGSLEKRSQPGP*,ENSG00000140521,ENST00000268124.11,POLG,P54098,MSRLLWRKVAGATVGPGPVPAPGRWVSSSVPASDPSDGQRRRQQQQQQQQQQQQQQQQPQQPQVLSSEGGQLRHNPLDIQMLSRGLHEQIFGQGGEMPGEAAVRRSVEHLQKHGLWGQPAVPLPDVELRLPPLYGDNLDQHFRLLAQKQSLPYLEAANLLLQAQLPPKPPAWAWAEGWTRYGPEGEAVPVAIPEERALVFDVEVCLAEGTCPTLAVAISPSAWYSWCSQRLVEERYSWTSQLSPADLIPLEVPTGASSPTQRDWQEQLVVGHNVSFDRAHIREQYLIQGSRMRFLDTMSMHMAISGLSSFQRSLWIAAKQGKHKVQPPTKQGQKSQRKARRGPAISSWDWLDISSVNSLAEVHRLYVGGPPLEKEPRELFVKGTMKDIRENFQDLMQYCAQDVWATHEVFQQQLPLFLERCPHPVTLAGMLEMGVSYLPVNQNWERYLAEAQGTYEELQREMKKSLMDLANDACQLLSGERYKEDPWLWDLEWDLQEFKQKKAKKVKKEPATASKLPIEGAGAPGDPMDQEDLGPCSEEEEFQQDVMARACLQKLKGTTELLPKRPQHLPGHPGWYRKLCPRLDDPAWTPGPSLLSLQMRVTPKLMALTWDGFPLHYSERHGWGYLVPGRRDNLAKLPTGTTLESAGVVCPYRAIESLYRKHCLEQGKQQLMPQEAGLAEEFLLTDNSAIWQTVEELDYLEVEAEAKMENLRAAVPGQPLALTARGGPKDTQPSYHHGNGPYNDVDIPGCWFFKLPHKDGNSCNVGSPFAKDFLPKMEDGTLQAGPGGASGPRALEINKMISFWRNAHKRISSQMVVWLPRSALPRAVIRHPDYDEEGLYGAILPQVVTAGTITRRAVEPTWLTASNARPDRVGSELKAMVQAPPGYTLVGADVDSQELWIAAVLGDAHFAGMHGCTAFGWMTLQGRKSRGTDLHSKTATTVGISREHAKIFNYGRIYGAGQPFAERLLMQFNHRLTQQEAAEKAQQMYAATKGLRWYRLSDEGEWLVRELNLPVDRTEGGWISLQDLRKVQRETARKSQWKKWEVVAERAWKGGTESEMFNKLESIATSDIPRTPVLGCCISRALEPSAVQEEFMTSRVNWVVQSSAVDYLHLMLVAMKWLFEEFAIDGRFCISIHDEVRYLVREEDRYRAALALQITNLLTRCMFAYKLGLNDLPQSVAFFSAVDIDRCLRKEVTMDCKTPSNPTGMERRYGIPQGEALDIYQIIELTKGSLEKRSQPGP*,,15,89333596,89333597,89876827,89876828,T,TTGCTGC,inframe_insertion,MODERATE,POLG,ENSG00000140521,ENST00000268124.11,protein_coding,ClinVar,Benign/Likely benign,B/LB,No,5.42,0.0003637,0.002075412,0.43668,Benign,-0.58,neutral,0.39,2.0
2496,2496,2580,ENST00000268124.11,inframe_insertion,53,,Q,QQQQ,MSRLLWRKVAGATVGPGPVPAPGRWVSSSVPASDPSDGQRRRQQQQQQQQQQQQQPQQPQVLSSEGGQLRHNPLDIQMLSRGLHEQIFGQGGEMPGEAAVRRSVEHLQKHGLWGQPAVPLPDVELRLPPLYGDNLDQHFRLLAQKQSLPYLEAANLLLQAQLPPKPPAWAWAEGWTRYGPEGEAVPVAIPEERALVFDVEVCLAEGTCPTLAVAISPSAWYSWCSQRLVEERYSWTSQLSPADLIPLEVPTGASSPTQRDWQEQLVVGHNVSFDRAHIREQYLIQGSRMRFLDTMSMHMAISGLSSFQRSLWIAAKQGKHKVQPPTKQGQKSQRKARRGPAISSWDWLDISSVNSLAEVHRLYVGGPPLEKEPRELFVKGTMKDIRENFQDLMQYCAQDVWATHEVFQQQLPLFLERCPHPVTLAGMLEMGVSYLPVNQNWERYLAEAQGTYEELQREMKKSLMDLANDACQLLSGERYKEDPWLWDLEWDLQEFKQKKAKKVKKEPATASKLPIEGAGAPGDPMDQEDLGPCSEEEEFQQDVMARACLQKLKGTTELLPKRPQHLPGHPGWYRKLCPRLDDPAWTPGPSLLSLQMRVTPKLMALTWDGFPLHYSERHGWGYLVPGRRDNLAKLPTGTTLESAGVVCPYRAIESLYRKHCLEQGKQQLMPQEAGLAEEFLLTDNSAIWQTVEELDYLEVEAEAKMENLRAAVPGQPLALTARGGPKDTQPSYHHGNGPYNDVDIPGCWFFKLPHKDGNSCNVGSPFAKDFLPKMEDGTLQAGPGGASGPRALEINKMISFWRNAHKRISSQMVVWLPRSALPRAVIRHPDYDEEGLYGAILPQVVTAGTITRRAVEPTWLTASNARPDRVGSELKAMVQAPPGYTLVGADVDSQELWIAAVLGDAHFAGMHGCTAFGWMTLQGRKSRGTDLHSKTATTVGISREHAKIFNYGRIYGAGQPFAERLLMQFNHRLTQQEAAEKAQQMYAATKGLRWYRLSDEGEWLVRELNLPVDRTEGGWISLQDLRKVQRETARKSQWKKWEVVAERAWKGGTESEMFNKLESIATSDIPRTPVLGCCISRALEPSAVQEEFMTSRVNWVVQSSAVDYLHLMLVAMKWLFEEFAIDGRFCISIHDEVRYLVREEDRYRAALALQITNLLTRCMFAYKLGLNDLPQSVAFFSAVDIDRCLRKEVTMDCKTPSNPTGMERRYGIPQGEALDIYQIIELTKGSLEKRSQPGP*,ENSG00000140521,ENST00000268124.11,POLG,P54098,MSRLLWRKVAGATVGPGPVPAPGRWVSSSVPASDPSDGQRRRQQQQQQQQQQQQQQQQPQQPQVLSSEGGQLRHNPLDIQMLSRGLHEQIFGQGGEMPGEAAVRRSVEHLQKHGLWGQPAVPLPDVELRLPPLYGDNLDQHFRLLAQKQSLPYLEAANLLLQAQLPPKPPAWAWAEGWTRYGPEGEAVPVAIPEERALVFDVEVCLAEGTCPTLAVAISPSAWYSWCSQRLVEERYSWTSQLSPADLIPLEVPTGASSPTQRDWQEQLVVGHNVSFDRAHIREQYLIQGSRMRFLDTMSMHMAISGLSSFQRSLWIAAKQGKHKVQPPTKQGQKSQRKARRGPAISSWDWLDISSVNSLAEVHRLYVGGPPLEKEPRELFVKGTMKDIRENFQDLMQYCAQDVWATHEVFQQQLPLFLERCPHPVTLAGMLEMGVSYLPVNQNWERYLAEAQGTYEELQREMKKSLMDLANDACQLLSGERYKEDPWLWDLEWDLQEFKQKKAKKVKKEPATASKLPIEGAGAPGDPMDQEDLGPCSEEEEFQQDVMARACLQKLKGTTELLPKRPQHLPGHPGWYRKLCPRLDDPAWTPGPSLLSLQMRVTPKLMALTWDGFPLHYSERHGWGYLVPGRRDNLAKLPTGTTLESAGVVCPYRAIESLYRKHCLEQGKQQLMPQEAGLAEEFLLTDNSAIWQTVEELDYLEVEAEAKMENLRAAVPGQPLALTARGGPKDTQPSYHHGNGPYNDVDIPGCWFFKLPHKDGNSCNVGSPFAKDFLPKMEDGTLQAGPGGASGPRALEINKMISFWRNAHKRISSQMVVWLPRSALPRAVIRHPDYDEEGLYGAILPQVVTAGTITRRAVEPTWLTASNARPDRVGSELKAMVQAPPGYTLVGADVDSQELWIAAVLGDAHFAGMHGCTAFGWMTLQGRKSRGTDLHSKTATTVGISREHAKIFNYGRIYGAGQPFAERLLMQFNHRLTQQEAAEKAQQMYAATKGLRWYRLSDEGEWLVRELNLPVDRTEGGWISLQDLRKVQRETARKSQWKKWEVVAERAWKGGTESEMFNKLESIATSDIPRTPVLGCCISRALEPSAVQEEFMTSRVNWVVQSSAVDYLHLMLVAMKWLFEEFAIDGRFCISIHDEVRYLVREEDRYRAALALQITNLLTRCMFAYKLGLNDLPQSVAFFSAVDIDRCLRKEVTMDCKTPSNPTGMERRYGIPQGEALDIYQIIELTKGSLEKRSQPGP*,,15,89333596,89333597,89876827,89876828,T,TTGC,inframe_insertion,MODERATE,POLG,ENSG00000140521,ENST00000268124.11,protein_coding,ClinVar,Benign/Likely benign,B/LB,No,5.562,0.000281577,0.001948569,0.43712,Benign,-0.26,neutral,0.39,0.0
2497,2497,2581,ENST00000268124.11,inframe_deletion,52,53.0,QQ,Q,MSRLLWRKVAGATVGPGPVPAPGRWVSSSVPASDPSDGQRRRQQQQQQQQQQQQQPQQPQVLSSEGGQLRHNPLDIQMLSRGLHEQIFGQGGEMPGEAAVRRSVEHLQKHGLWGQPAVPLPDVELRLPPLYGDNLDQHFRLLAQKQSLPYLEAANLLLQAQLPPKPPAWAWAEGWTRYGPEGEAVPVAIPEERALVFDVEVCLAEGTCPTLAVAISPSAWYSWCSQRLVEERYSWTSQLSPADLIPLEVPTGASSPTQRDWQEQLVVGHNVSFDRAHIREQYLIQGSRMRFLDTMSMHMAISGLSSFQRSLWIAAKQGKHKVQPPTKQGQKSQRKARRGPAISSWDWLDISSVNSLAEVHRLYVGGPPLEKEPRELFVKGTMKDIRENFQDLMQYCAQDVWATHEVFQQQLPLFLERCPHPVTLAGMLEMGVSYLPVNQNWERYLAEAQGTYEELQREMKKSLMDLANDACQLLSGERYKEDPWLWDLEWDLQEFKQKKAKKVKKEPATASKLPIEGAGAPGDPMDQEDLGPCSEEEEFQQDVMARACLQKLKGTTELLPKRPQHLPGHPGWYRKLCPRLDDPAWTPGPSLLSLQMRVTPKLMALTWDGFPLHYSERHGWGYLVPGRRDNLAKLPTGTTLESAGVVCPYRAIESLYRKHCLEQGKQQLMPQEAGLAEEFLLTDNSAIWQTVEELDYLEVEAEAKMENLRAAVPGQPLALTARGGPKDTQPSYHHGNGPYNDVDIPGCWFFKLPHKDGNSCNVGSPFAKDFLPKMEDGTLQAGPGGASGPRALEINKMISFWRNAHKRISSQMVVWLPRSALPRAVIRHPDYDEEGLYGAILPQVVTAGTITRRAVEPTWLTASNARPDRVGSELKAMVQAPPGYTLVGADVDSQELWIAAVLGDAHFAGMHGCTAFGWMTLQGRKSRGTDLHSKTATTVGISREHAKIFNYGRIYGAGQPFAERLLMQFNHRLTQQEAAEKAQQMYAATKGLRWYRLSDEGEWLVRELNLPVDRTEGGWISLQDLRKVQRETARKSQWKKWEVVAERAWKGGTESEMFNKLESIATSDIPRTPVLGCCISRALEPSAVQEEFMTSRVNWVVQSSAVDYLHLMLVAMKWLFEEFAIDGRFCISIHDEVRYLVREEDRYRAALALQITNLLTRCMFAYKLGLNDLPQSVAFFSAVDIDRCLRKEVTMDCKTPSNPTGMERRYGIPQGEALDIYQIIELTKGSLEKRSQPGP*,ENSG00000140521,ENST00000268124.11,POLG,P54098,MSRLLWRKVAGATVGPGPVPAPGRWVSSSVPASDPSDGQRRRQQQQQQQQQQQQPQQPQVLSSEGGQLRHNPLDIQMLSRGLHEQIFGQGGEMPGEAAVRRSVEHLQKHGLWGQPAVPLPDVELRLPPLYGDNLDQHFRLLAQKQSLPYLEAANLLLQAQLPPKPPAWAWAEGWTRYGPEGEAVPVAIPEERALVFDVEVCLAEGTCPTLAVAISPSAWYSWCSQRLVEERYSWTSQLSPADLIPLEVPTGASSPTQRDWQEQLVVGHNVSFDRAHIREQYLIQGSRMRFLDTMSMHMAISGLSSFQRSLWIAAKQGKHKVQPPTKQGQKSQRKARRGPAISSWDWLDISSVNSLAEVHRLYVGGPPLEKEPRELFVKGTMKDIRENFQDLMQYCAQDVWATHEVFQQQLPLFLERCPHPVTLAGMLEMGVSYLPVNQNWERYLAEAQGTYEELQREMKKSLMDLANDACQLLSGERYKEDPWLWDLEWDLQEFKQKKAKKVKKEPATASKLPIEGAGAPGDPMDQEDLGPCSEEEEFQQDVMARACLQKLKGTTELLPKRPQHLPGHPGWYRKLCPRLDDPAWTPGPSLLSLQMRVTPKLMALTWDGFPLHYSERHGWGYLVPGRRDNLAKLPTGTTLESAGVVCPYRAIESLYRKHCLEQGKQQLMPQEAGLAEEFLLTDNSAIWQTVEELDYLEVEAEAKMENLRAAVPGQPLALTARGGPKDTQPSYHHGNGPYNDVDIPGCWFFKLPHKDGNSCNVGSPFAKDFLPKMEDGTLQAGPGGASGPRALEINKMISFWRNAHKRISSQMVVWLPRSALPRAVIRHPDYDEEGLYGAILPQVVTAGTITRRAVEPTWLTASNARPDRVGSELKAMVQAPPGYTLVGADVDSQELWIAAVLGDAHFAGMHGCTAFGWMTLQGRKSRGTDLHSKTATTVGISREHAKIFNYGRIYGAGQPFAERLLMQFNHRLTQQEAAEKAQQMYAATKGLRWYRLSDEGEWLVRELNLPVDRTEGGWISLQDLRKVQRETARKSQWKKWEVVAERAWKGGTESEMFNKLESIATSDIPRTPVLGCCISRALEPSAVQEEFMTSRVNWVVQSSAVDYLHLMLVAMKWLFEEFAIDGRFCISIHDEVRYLVREEDRYRAALALQITNLLTRCMFAYKLGLNDLPQSVAFFSAVDIDRCLRKEVTMDCKTPSNPTGMERRYGIPQGEALDIYQIIELTKGSLEKRSQPGP*,,15,89333596,89333599,89876827,89876830,TTGC,T,inframe_deletion,MODERATE,POLG,ENSG00000140521,ENST00000268124.11,protein_coding,ClinVar,Benign,B/LB,No,4.705,0.000146799,0.001948569,0.40039,Benign,-0.15,neutral,0.24,3.0
2498,2498,2582,ENST00000268124.11,inframe_deletion,51,53.0,QQQ,Q,MSRLLWRKVAGATVGPGPVPAPGRWVSSSVPASDPSDGQRRRQQQQQQQQQQQQQPQQPQVLSSEGGQLRHNPLDIQMLSRGLHEQIFGQGGEMPGEAAVRRSVEHLQKHGLWGQPAVPLPDVELRLPPLYGDNLDQHFRLLAQKQSLPYLEAANLLLQAQLPPKPPAWAWAEGWTRYGPEGEAVPVAIPEERALVFDVEVCLAEGTCPTLAVAISPSAWYSWCSQRLVEERYSWTSQLSPADLIPLEVPTGASSPTQRDWQEQLVVGHNVSFDRAHIREQYLIQGSRMRFLDTMSMHMAISGLSSFQRSLWIAAKQGKHKVQPPTKQGQKSQRKARRGPAISSWDWLDISSVNSLAEVHRLYVGGPPLEKEPRELFVKGTMKDIRENFQDLMQYCAQDVWATHEVFQQQLPLFLERCPHPVTLAGMLEMGVSYLPVNQNWERYLAEAQGTYEELQREMKKSLMDLANDACQLLSGERYKEDPWLWDLEWDLQEFKQKKAKKVKKEPATASKLPIEGAGAPGDPMDQEDLGPCSEEEEFQQDVMARACLQKLKGTTELLPKRPQHLPGHPGWYRKLCPRLDDPAWTPGPSLLSLQMRVTPKLMALTWDGFPLHYSERHGWGYLVPGRRDNLAKLPTGTTLESAGVVCPYRAIESLYRKHCLEQGKQQLMPQEAGLAEEFLLTDNSAIWQTVEELDYLEVEAEAKMENLRAAVPGQPLALTARGGPKDTQPSYHHGNGPYNDVDIPGCWFFKLPHKDGNSCNVGSPFAKDFLPKMEDGTLQAGPGGASGPRALEINKMISFWRNAHKRISSQMVVWLPRSALPRAVIRHPDYDEEGLYGAILPQVVTAGTITRRAVEPTWLTASNARPDRVGSELKAMVQAPPGYTLVGADVDSQELWIAAVLGDAHFAGMHGCTAFGWMTLQGRKSRGTDLHSKTATTVGISREHAKIFNYGRIYGAGQPFAERLLMQFNHRLTQQEAAEKAQQMYAATKGLRWYRLSDEGEWLVRELNLPVDRTEGGWISLQDLRKVQRETARKSQWKKWEVVAERAWKGGTESEMFNKLESIATSDIPRTPVLGCCISRALEPSAVQEEFMTSRVNWVVQSSAVDYLHLMLVAMKWLFEEFAIDGRFCISIHDEVRYLVREEDRYRAALALQITNLLTRCMFAYKLGLNDLPQSVAFFSAVDIDRCLRKEVTMDCKTPSNPTGMERRYGIPQGEALDIYQIIELTKGSLEKRSQPGP*,ENSG00000140521,ENST00000268124.11,POLG,P54098,MSRLLWRKVAGATVGPGPVPAPGRWVSSSVPASDPSDGQRRRQQQQQQQQQQQPQQPQVLSSEGGQLRHNPLDIQMLSRGLHEQIFGQGGEMPGEAAVRRSVEHLQKHGLWGQPAVPLPDVELRLPPLYGDNLDQHFRLLAQKQSLPYLEAANLLLQAQLPPKPPAWAWAEGWTRYGPEGEAVPVAIPEERALVFDVEVCLAEGTCPTLAVAISPSAWYSWCSQRLVEERYSWTSQLSPADLIPLEVPTGASSPTQRDWQEQLVVGHNVSFDRAHIREQYLIQGSRMRFLDTMSMHMAISGLSSFQRSLWIAAKQGKHKVQPPTKQGQKSQRKARRGPAISSWDWLDISSVNSLAEVHRLYVGGPPLEKEPRELFVKGTMKDIRENFQDLMQYCAQDVWATHEVFQQQLPLFLERCPHPVTLAGMLEMGVSYLPVNQNWERYLAEAQGTYEELQREMKKSLMDLANDACQLLSGERYKEDPWLWDLEWDLQEFKQKKAKKVKKEPATASKLPIEGAGAPGDPMDQEDLGPCSEEEEFQQDVMARACLQKLKGTTELLPKRPQHLPGHPGWYRKLCPRLDDPAWTPGPSLLSLQMRVTPKLMALTWDGFPLHYSERHGWGYLVPGRRDNLAKLPTGTTLESAGVVCPYRAIESLYRKHCLEQGKQQLMPQEAGLAEEFLLTDNSAIWQTVEELDYLEVEAEAKMENLRAAVPGQPLALTARGGPKDTQPSYHHGNGPYNDVDIPGCWFFKLPHKDGNSCNVGSPFAKDFLPKMEDGTLQAGPGGASGPRALEINKMISFWRNAHKRISSQMVVWLPRSALPRAVIRHPDYDEEGLYGAILPQVVTAGTITRRAVEPTWLTASNARPDRVGSELKAMVQAPPGYTLVGADVDSQELWIAAVLGDAHFAGMHGCTAFGWMTLQGRKSRGTDLHSKTATTVGISREHAKIFNYGRIYGAGQPFAERLLMQFNHRLTQQEAAEKAQQMYAATKGLRWYRLSDEGEWLVRELNLPVDRTEGGWISLQDLRKVQRETARKSQWKKWEVVAERAWKGGTESEMFNKLESIATSDIPRTPVLGCCISRALEPSAVQEEFMTSRVNWVVQSSAVDYLHLMLVAMKWLFEEFAIDGRFCISIHDEVRYLVREEDRYRAALALQITNLLTRCMFAYKLGLNDLPQSVAFFSAVDIDRCLRKEVTMDCKTPSNPTGMERRYGIPQGEALDIYQIIELTKGSLEKRSQPGP*,,15,89333596,89333602,89876827,89876833,TTGCTGC,T,inframe_deletion,MODERATE,POLG,ENSG00000140521,ENST00000268124.11,protein_coding,DDD,likely_benign,B/LB,Yes,4.873,0.000219038,0.002075412,0.38858,Deleterious,0.68,neutral,0.23,7.0
2499,2499,2583,ENST00000268124.11,inframe_deletion,50,53.0,QQQQ,Q,MSRLLWRKVAGATVGPGPVPAPGRWVSSSVPASDPSDGQRRRQQQQQQQQQQQQQPQQPQVLSSEGGQLRHNPLDIQMLSRGLHEQIFGQGGEMPGEAAVRRSVEHLQKHGLWGQPAVPLPDVELRLPPLYGDNLDQHFRLLAQKQSLPYLEAANLLLQAQLPPKPPAWAWAEGWTRYGPEGEAVPVAIPEERALVFDVEVCLAEGTCPTLAVAISPSAWYSWCSQRLVEERYSWTSQLSPADLIPLEVPTGASSPTQRDWQEQLVVGHNVSFDRAHIREQYLIQGSRMRFLDTMSMHMAISGLSSFQRSLWIAAKQGKHKVQPPTKQGQKSQRKARRGPAISSWDWLDISSVNSLAEVHRLYVGGPPLEKEPRELFVKGTMKDIRENFQDLMQYCAQDVWATHEVFQQQLPLFLERCPHPVTLAGMLEMGVSYLPVNQNWERYLAEAQGTYEELQREMKKSLMDLANDACQLLSGERYKEDPWLWDLEWDLQEFKQKKAKKVKKEPATASKLPIEGAGAPGDPMDQEDLGPCSEEEEFQQDVMARACLQKLKGTTELLPKRPQHLPGHPGWYRKLCPRLDDPAWTPGPSLLSLQMRVTPKLMALTWDGFPLHYSERHGWGYLVPGRRDNLAKLPTGTTLESAGVVCPYRAIESLYRKHCLEQGKQQLMPQEAGLAEEFLLTDNSAIWQTVEELDYLEVEAEAKMENLRAAVPGQPLALTARGGPKDTQPSYHHGNGPYNDVDIPGCWFFKLPHKDGNSCNVGSPFAKDFLPKMEDGTLQAGPGGASGPRALEINKMISFWRNAHKRISSQMVVWLPRSALPRAVIRHPDYDEEGLYGAILPQVVTAGTITRRAVEPTWLTASNARPDRVGSELKAMVQAPPGYTLVGADVDSQELWIAAVLGDAHFAGMHGCTAFGWMTLQGRKSRGTDLHSKTATTVGISREHAKIFNYGRIYGAGQPFAERLLMQFNHRLTQQEAAEKAQQMYAATKGLRWYRLSDEGEWLVRELNLPVDRTEGGWISLQDLRKVQRETARKSQWKKWEVVAERAWKGGTESEMFNKLESIATSDIPRTPVLGCCISRALEPSAVQEEFMTSRVNWVVQSSAVDYLHLMLVAMKWLFEEFAIDGRFCISIHDEVRYLVREEDRYRAALALQITNLLTRCMFAYKLGLNDLPQSVAFFSAVDIDRCLRKEVTMDCKTPSNPTGMERRYGIPQGEALDIYQIIELTKGSLEKRSQPGP*,ENSG00000140521,ENST00000268124.11,POLG,P54098,MSRLLWRKVAGATVGPGPVPAPGRWVSSSVPASDPSDGQRRRQQQQQQQQQQPQQPQVLSSEGGQLRHNPLDIQMLSRGLHEQIFGQGGEMPGEAAVRRSVEHLQKHGLWGQPAVPLPDVELRLPPLYGDNLDQHFRLLAQKQSLPYLEAANLLLQAQLPPKPPAWAWAEGWTRYGPEGEAVPVAIPEERALVFDVEVCLAEGTCPTLAVAISPSAWYSWCSQRLVEERYSWTSQLSPADLIPLEVPTGASSPTQRDWQEQLVVGHNVSFDRAHIREQYLIQGSRMRFLDTMSMHMAISGLSSFQRSLWIAAKQGKHKVQPPTKQGQKSQRKARRGPAISSWDWLDISSVNSLAEVHRLYVGGPPLEKEPRELFVKGTMKDIRENFQDLMQYCAQDVWATHEVFQQQLPLFLERCPHPVTLAGMLEMGVSYLPVNQNWERYLAEAQGTYEELQREMKKSLMDLANDACQLLSGERYKEDPWLWDLEWDLQEFKQKKAKKVKKEPATASKLPIEGAGAPGDPMDQEDLGPCSEEEEFQQDVMARACLQKLKGTTELLPKRPQHLPGHPGWYRKLCPRLDDPAWTPGPSLLSLQMRVTPKLMALTWDGFPLHYSERHGWGYLVPGRRDNLAKLPTGTTLESAGVVCPYRAIESLYRKHCLEQGKQQLMPQEAGLAEEFLLTDNSAIWQTVEELDYLEVEAEAKMENLRAAVPGQPLALTARGGPKDTQPSYHHGNGPYNDVDIPGCWFFKLPHKDGNSCNVGSPFAKDFLPKMEDGTLQAGPGGASGPRALEINKMISFWRNAHKRISSQMVVWLPRSALPRAVIRHPDYDEEGLYGAILPQVVTAGTITRRAVEPTWLTASNARPDRVGSELKAMVQAPPGYTLVGADVDSQELWIAAVLGDAHFAGMHGCTAFGWMTLQGRKSRGTDLHSKTATTVGISREHAKIFNYGRIYGAGQPFAERLLMQFNHRLTQQEAAEKAQQMYAATKGLRWYRLSDEGEWLVRELNLPVDRTEGGWISLQDLRKVQRETARKSQWKKWEVVAERAWKGGTESEMFNKLESIATSDIPRTPVLGCCISRALEPSAVQEEFMTSRVNWVVQSSAVDYLHLMLVAMKWLFEEFAIDGRFCISIHDEVRYLVREEDRYRAALALQITNLLTRCMFAYKLGLNDLPQSVAFFSAVDIDRCLRKEVTMDCKTPSNPTGMERRYGIPQGEALDIYQIIELTKGSLEKRSQPGP*,,15,89333596,89333605,89876827,89876836,TTGCTGCTGC,T,inframe_deletion,MODERATE,POLG,ENSG00000140521,ENST00000268124.11,protein_coding,DDD,likely_benign,B/LB,Yes,4.728,0.000265928,0.002320805,0.37163,Benign,1.09,neutral,0.17,22.0
2500,2500,2584,ENST00000268124.11,inframe_deletion,49,53.0,QQQQQ,Q,MSRLLWRKVAGATVGPGPVPAPGRWVSSSVPASDPSDGQRRRQQQQQQQQQQQQQPQQPQVLSSEGGQLRHNPLDIQMLSRGLHEQIFGQGGEMPGEAAVRRSVEHLQKHGLWGQPAVPLPDVELRLPPLYGDNLDQHFRLLAQKQSLPYLEAANLLLQAQLPPKPPAWAWAEGWTRYGPEGEAVPVAIPEERALVFDVEVCLAEGTCPTLAVAISPSAWYSWCSQRLVEERYSWTSQLSPADLIPLEVPTGASSPTQRDWQEQLVVGHNVSFDRAHIREQYLIQGSRMRFLDTMSMHMAISGLSSFQRSLWIAAKQGKHKVQPPTKQGQKSQRKARRGPAISSWDWLDISSVNSLAEVHRLYVGGPPLEKEPRELFVKGTMKDIRENFQDLMQYCAQDVWATHEVFQQQLPLFLERCPHPVTLAGMLEMGVSYLPVNQNWERYLAEAQGTYEELQREMKKSLMDLANDACQLLSGERYKEDPWLWDLEWDLQEFKQKKAKKVKKEPATASKLPIEGAGAPGDPMDQEDLGPCSEEEEFQQDVMARACLQKLKGTTELLPKRPQHLPGHPGWYRKLCPRLDDPAWTPGPSLLSLQMRVTPKLMALTWDGFPLHYSERHGWGYLVPGRRDNLAKLPTGTTLESAGVVCPYRAIESLYRKHCLEQGKQQLMPQEAGLAEEFLLTDNSAIWQTVEELDYLEVEAEAKMENLRAAVPGQPLALTARGGPKDTQPSYHHGNGPYNDVDIPGCWFFKLPHKDGNSCNVGSPFAKDFLPKMEDGTLQAGPGGASGPRALEINKMISFWRNAHKRISSQMVVWLPRSALPRAVIRHPDYDEEGLYGAILPQVVTAGTITRRAVEPTWLTASNARPDRVGSELKAMVQAPPGYTLVGADVDSQELWIAAVLGDAHFAGMHGCTAFGWMTLQGRKSRGTDLHSKTATTVGISREHAKIFNYGRIYGAGQPFAERLLMQFNHRLTQQEAAEKAQQMYAATKGLRWYRLSDEGEWLVRELNLPVDRTEGGWISLQDLRKVQRETARKSQWKKWEVVAERAWKGGTESEMFNKLESIATSDIPRTPVLGCCISRALEPSAVQEEFMTSRVNWVVQSSAVDYLHLMLVAMKWLFEEFAIDGRFCISIHDEVRYLVREEDRYRAALALQITNLLTRCMFAYKLGLNDLPQSVAFFSAVDIDRCLRKEVTMDCKTPSNPTGMERRYGIPQGEALDIYQIIELTKGSLEKRSQPGP*,ENSG00000140521,ENST00000268124.11,POLG,P54098,MSRLLWRKVAGATVGPGPVPAPGRWVSSSVPASDPSDGQRRRQQQQQQQQQPQQPQVLSSEGGQLRHNPLDIQMLSRGLHEQIFGQGGEMPGEAAVRRSVEHLQKHGLWGQPAVPLPDVELRLPPLYGDNLDQHFRLLAQKQSLPYLEAANLLLQAQLPPKPPAWAWAEGWTRYGPEGEAVPVAIPEERALVFDVEVCLAEGTCPTLAVAISPSAWYSWCSQRLVEERYSWTSQLSPADLIPLEVPTGASSPTQRDWQEQLVVGHNVSFDRAHIREQYLIQGSRMRFLDTMSMHMAISGLSSFQRSLWIAAKQGKHKVQPPTKQGQKSQRKARRGPAISSWDWLDISSVNSLAEVHRLYVGGPPLEKEPRELFVKGTMKDIRENFQDLMQYCAQDVWATHEVFQQQLPLFLERCPHPVTLAGMLEMGVSYLPVNQNWERYLAEAQGTYEELQREMKKSLMDLANDACQLLSGERYKEDPWLWDLEWDLQEFKQKKAKKVKKEPATASKLPIEGAGAPGDPMDQEDLGPCSEEEEFQQDVMARACLQKLKGTTELLPKRPQHLPGHPGWYRKLCPRLDDPAWTPGPSLLSLQMRVTPKLMALTWDGFPLHYSERHGWGYLVPGRRDNLAKLPTGTTLESAGVVCPYRAIESLYRKHCLEQGKQQLMPQEAGLAEEFLLTDNSAIWQTVEELDYLEVEAEAKMENLRAAVPGQPLALTARGGPKDTQPSYHHGNGPYNDVDIPGCWFFKLPHKDGNSCNVGSPFAKDFLPKMEDGTLQAGPGGASGPRALEINKMISFWRNAHKRISSQMVVWLPRSALPRAVIRHPDYDEEGLYGAILPQVVTAGTITRRAVEPTWLTASNARPDRVGSELKAMVQAPPGYTLVGADVDSQELWIAAVLGDAHFAGMHGCTAFGWMTLQGRKSRGTDLHSKTATTVGISREHAKIFNYGRIYGAGQPFAERLLMQFNHRLTQQEAAEKAQQMYAATKGLRWYRLSDEGEWLVRELNLPVDRTEGGWISLQDLRKVQRETARKSQWKKWEVVAERAWKGGTESEMFNKLESIATSDIPRTPVLGCCISRALEPSAVQEEFMTSRVNWVVQSSAVDYLHLMLVAMKWLFEEFAIDGRFCISIHDEVRYLVREEDRYRAALALQITNLLTRCMFAYKLGLNDLPQSVAFFSAVDIDRCLRKEVTMDCKTPSNPTGMERRYGIPQGEALDIYQIIELTKGSLEKRSQPGP*,,15,89333596,89333608,89876827,89876839,TTGCTGCTGCTGC,T,inframe_deletion,MODERATE,POLG,ENSG00000140521,ENST00000268124.11,protein_coding,ClinVar,Benign/Likely benign,B/LB,No,5.41,0.00038848,0.002462246,0.38905,Benign,1.46,neutral,0.21,96.0
2501,2501,2585,ENST00000268124.11,inframe_deletion,47,53.0,QQQQQQQ,Q,MSRLLWRKVAGATVGPGPVPAPGRWVSSSVPASDPSDGQRRRQQQQQQQQQQQQQPQQPQVLSSEGGQLRHNPLDIQMLSRGLHEQIFGQGGEMPGEAAVRRSVEHLQKHGLWGQPAVPLPDVELRLPPLYGDNLDQHFRLLAQKQSLPYLEAANLLLQAQLPPKPPAWAWAEGWTRYGPEGEAVPVAIPEERALVFDVEVCLAEGTCPTLAVAISPSAWYSWCSQRLVEERYSWTSQLSPADLIPLEVPTGASSPTQRDWQEQLVVGHNVSFDRAHIREQYLIQGSRMRFLDTMSMHMAISGLSSFQRSLWIAAKQGKHKVQPPTKQGQKSQRKARRGPAISSWDWLDISSVNSLAEVHRLYVGGPPLEKEPRELFVKGTMKDIRENFQDLMQYCAQDVWATHEVFQQQLPLFLERCPHPVTLAGMLEMGVSYLPVNQNWERYLAEAQGTYEELQREMKKSLMDLANDACQLLSGERYKEDPWLWDLEWDLQEFKQKKAKKVKKEPATASKLPIEGAGAPGDPMDQEDLGPCSEEEEFQQDVMARACLQKLKGTTELLPKRPQHLPGHPGWYRKLCPRLDDPAWTPGPSLLSLQMRVTPKLMALTWDGFPLHYSERHGWGYLVPGRRDNLAKLPTGTTLESAGVVCPYRAIESLYRKHCLEQGKQQLMPQEAGLAEEFLLTDNSAIWQTVEELDYLEVEAEAKMENLRAAVPGQPLALTARGGPKDTQPSYHHGNGPYNDVDIPGCWFFKLPHKDGNSCNVGSPFAKDFLPKMEDGTLQAGPGGASGPRALEINKMISFWRNAHKRISSQMVVWLPRSALPRAVIRHPDYDEEGLYGAILPQVVTAGTITRRAVEPTWLTASNARPDRVGSELKAMVQAPPGYTLVGADVDSQELWIAAVLGDAHFAGMHGCTAFGWMTLQGRKSRGTDLHSKTATTVGISREHAKIFNYGRIYGAGQPFAERLLMQFNHRLTQQEAAEKAQQMYAATKGLRWYRLSDEGEWLVRELNLPVDRTEGGWISLQDLRKVQRETARKSQWKKWEVVAERAWKGGTESEMFNKLESIATSDIPRTPVLGCCISRALEPSAVQEEFMTSRVNWVVQSSAVDYLHLMLVAMKWLFEEFAIDGRFCISIHDEVRYLVREEDRYRAALALQITNLLTRCMFAYKLGLNDLPQSVAFFSAVDIDRCLRKEVTMDCKTPSNPTGMERRYGIPQGEALDIYQIIELTKGSLEKRSQPGP*,ENSG00000140521,ENST00000268124.11,POLG,P54098,MSRLLWRKVAGATVGPGPVPAPGRWVSSSVPASDPSDGQRRRQQQQQQQPQQPQVLSSEGGQLRHNPLDIQMLSRGLHEQIFGQGGEMPGEAAVRRSVEHLQKHGLWGQPAVPLPDVELRLPPLYGDNLDQHFRLLAQKQSLPYLEAANLLLQAQLPPKPPAWAWAEGWTRYGPEGEAVPVAIPEERALVFDVEVCLAEGTCPTLAVAISPSAWYSWCSQRLVEERYSWTSQLSPADLIPLEVPTGASSPTQRDWQEQLVVGHNVSFDRAHIREQYLIQGSRMRFLDTMSMHMAISGLSSFQRSLWIAAKQGKHKVQPPTKQGQKSQRKARRGPAISSWDWLDISSVNSLAEVHRLYVGGPPLEKEPRELFVKGTMKDIRENFQDLMQYCAQDVWATHEVFQQQLPLFLERCPHPVTLAGMLEMGVSYLPVNQNWERYLAEAQGTYEELQREMKKSLMDLANDACQLLSGERYKEDPWLWDLEWDLQEFKQKKAKKVKKEPATASKLPIEGAGAPGDPMDQEDLGPCSEEEEFQQDVMARACLQKLKGTTELLPKRPQHLPGHPGWYRKLCPRLDDPAWTPGPSLLSLQMRVTPKLMALTWDGFPLHYSERHGWGYLVPGRRDNLAKLPTGTTLESAGVVCPYRAIESLYRKHCLEQGKQQLMPQEAGLAEEFLLTDNSAIWQTVEELDYLEVEAEAKMENLRAAVPGQPLALTARGGPKDTQPSYHHGNGPYNDVDIPGCWFFKLPHKDGNSCNVGSPFAKDFLPKMEDGTLQAGPGGASGPRALEINKMISFWRNAHKRISSQMVVWLPRSALPRAVIRHPDYDEEGLYGAILPQVVTAGTITRRAVEPTWLTASNARPDRVGSELKAMVQAPPGYTLVGADVDSQELWIAAVLGDAHFAGMHGCTAFGWMTLQGRKSRGTDLHSKTATTVGISREHAKIFNYGRIYGAGQPFAERLLMQFNHRLTQQEAAEKAQQMYAATKGLRWYRLSDEGEWLVRELNLPVDRTEGGWISLQDLRKVQRETARKSQWKKWEVVAERAWKGGTESEMFNKLESIATSDIPRTPVLGCCISRALEPSAVQEEFMTSRVNWVVQSSAVDYLHLMLVAMKWLFEEFAIDGRFCISIHDEVRYLVREEDRYRAALALQITNLLTRCMFAYKLGLNDLPQSVAFFSAVDIDRCLRKEVTMDCKTPSNPTGMERRYGIPQGEALDIYQIIELTKGSLEKRSQPGP*,,15,89333596,89333614,89876827,89876845,TTGCTGCTGCTGCTGCTGC,T,inframe_deletion,MODERATE,POLG,ENSG00000140521,ENST00000268124.11,protein_coding,ClinVar,Likely benign,B/LB,No,5.514,0.000397089,0.004605658,0.39544,Benign,1.78,neutral,0.27,96.0
2502,2502,2586,ENST00000268124.11,inframe_deletion,48,53.0,QQQQQQ,Q,MSRLLWRKVAGATVGPGPVPAPGRWVSSSVPASDPSDGQRRRQQQQQQQQQQQQQPQQPQVLSSEGGQLRHNPLDIQMLSRGLHEQIFGQGGEMPGEAAVRRSVEHLQKHGLWGQPAVPLPDVELRLPPLYGDNLDQHFRLLAQKQSLPYLEAANLLLQAQLPPKPPAWAWAEGWTRYGPEGEAVPVAIPEERALVFDVEVCLAEGTCPTLAVAISPSAWYSWCSQRLVEERYSWTSQLSPADLIPLEVPTGASSPTQRDWQEQLVVGHNVSFDRAHIREQYLIQGSRMRFLDTMSMHMAISGLSSFQRSLWIAAKQGKHKVQPPTKQGQKSQRKARRGPAISSWDWLDISSVNSLAEVHRLYVGGPPLEKEPRELFVKGTMKDIRENFQDLMQYCAQDVWATHEVFQQQLPLFLERCPHPVTLAGMLEMGVSYLPVNQNWERYLAEAQGTYEELQREMKKSLMDLANDACQLLSGERYKEDPWLWDLEWDLQEFKQKKAKKVKKEPATASKLPIEGAGAPGDPMDQEDLGPCSEEEEFQQDVMARACLQKLKGTTELLPKRPQHLPGHPGWYRKLCPRLDDPAWTPGPSLLSLQMRVTPKLMALTWDGFPLHYSERHGWGYLVPGRRDNLAKLPTGTTLESAGVVCPYRAIESLYRKHCLEQGKQQLMPQEAGLAEEFLLTDNSAIWQTVEELDYLEVEAEAKMENLRAAVPGQPLALTARGGPKDTQPSYHHGNGPYNDVDIPGCWFFKLPHKDGNSCNVGSPFAKDFLPKMEDGTLQAGPGGASGPRALEINKMISFWRNAHKRISSQMVVWLPRSALPRAVIRHPDYDEEGLYGAILPQVVTAGTITRRAVEPTWLTASNARPDRVGSELKAMVQAPPGYTLVGADVDSQELWIAAVLGDAHFAGMHGCTAFGWMTLQGRKSRGTDLHSKTATTVGISREHAKIFNYGRIYGAGQPFAERLLMQFNHRLTQQEAAEKAQQMYAATKGLRWYRLSDEGEWLVRELNLPVDRTEGGWISLQDLRKVQRETARKSQWKKWEVVAERAWKGGTESEMFNKLESIATSDIPRTPVLGCCISRALEPSAVQEEFMTSRVNWVVQSSAVDYLHLMLVAMKWLFEEFAIDGRFCISIHDEVRYLVREEDRYRAALALQITNLLTRCMFAYKLGLNDLPQSVAFFSAVDIDRCLRKEVTMDCKTPSNPTGMERRYGIPQGEALDIYQIIELTKGSLEKRSQPGP*,ENSG00000140521,ENST00000268124.11,POLG,P54098,MSRLLWRKVAGATVGPGPVPAPGRWVSSSVPASDPSDGQRRRQQQQQQQQPQQPQVLSSEGGQLRHNPLDIQMLSRGLHEQIFGQGGEMPGEAAVRRSVEHLQKHGLWGQPAVPLPDVELRLPPLYGDNLDQHFRLLAQKQSLPYLEAANLLLQAQLPPKPPAWAWAEGWTRYGPEGEAVPVAIPEERALVFDVEVCLAEGTCPTLAVAISPSAWYSWCSQRLVEERYSWTSQLSPADLIPLEVPTGASSPTQRDWQEQLVVGHNVSFDRAHIREQYLIQGSRMRFLDTMSMHMAISGLSSFQRSLWIAAKQGKHKVQPPTKQGQKSQRKARRGPAISSWDWLDISSVNSLAEVHRLYVGGPPLEKEPRELFVKGTMKDIRENFQDLMQYCAQDVWATHEVFQQQLPLFLERCPHPVTLAGMLEMGVSYLPVNQNWERYLAEAQGTYEELQREMKKSLMDLANDACQLLSGERYKEDPWLWDLEWDLQEFKQKKAKKVKKEPATASKLPIEGAGAPGDPMDQEDLGPCSEEEEFQQDVMARACLQKLKGTTELLPKRPQHLPGHPGWYRKLCPRLDDPAWTPGPSLLSLQMRVTPKLMALTWDGFPLHYSERHGWGYLVPGRRDNLAKLPTGTTLESAGVVCPYRAIESLYRKHCLEQGKQQLMPQEAGLAEEFLLTDNSAIWQTVEELDYLEVEAEAKMENLRAAVPGQPLALTARGGPKDTQPSYHHGNGPYNDVDIPGCWFFKLPHKDGNSCNVGSPFAKDFLPKMEDGTLQAGPGGASGPRALEINKMISFWRNAHKRISSQMVVWLPRSALPRAVIRHPDYDEEGLYGAILPQVVTAGTITRRAVEPTWLTASNARPDRVGSELKAMVQAPPGYTLVGADVDSQELWIAAVLGDAHFAGMHGCTAFGWMTLQGRKSRGTDLHSKTATTVGISREHAKIFNYGRIYGAGQPFAERLLMQFNHRLTQQEAAEKAQQMYAATKGLRWYRLSDEGEWLVRELNLPVDRTEGGWISLQDLRKVQRETARKSQWKKWEVVAERAWKGGTESEMFNKLESIATSDIPRTPVLGCCISRALEPSAVQEEFMTSRVNWVVQSSAVDYLHLMLVAMKWLFEEFAIDGRFCISIHDEVRYLVREEDRYRAALALQITNLLTRCMFAYKLGLNDLPQSVAFFSAVDIDRCLRKEVTMDCKTPSNPTGMERRYGIPQGEALDIYQIIELTKGSLEKRSQPGP*,,15,89333596,89333611,89876827,89876842,TTGCTGCTGCTGCTGC,T,inframe_deletion,MODERATE,POLG,ENSG00000140521,ENST00000268124.11,protein_coding,ClinVar,Benign/Likely benign,B/LB,No,5.516,0.000397089,0.003542034,0.3958,Benign,1.84,neutral,0.24,93.0
2503,2503,2587,ENST00000268124.11,inframe_deletion,43,53.0,QQQQQQQQQQQ,Q,MSRLLWRKVAGATVGPGPVPAPGRWVSSSVPASDPSDGQRRRQQQQQQQQQQQQQPQQPQVLSSEGGQLRHNPLDIQMLSRGLHEQIFGQGGEMPGEAAVRRSVEHLQKHGLWGQPAVPLPDVELRLPPLYGDNLDQHFRLLAQKQSLPYLEAANLLLQAQLPPKPPAWAWAEGWTRYGPEGEAVPVAIPEERALVFDVEVCLAEGTCPTLAVAISPSAWYSWCSQRLVEERYSWTSQLSPADLIPLEVPTGASSPTQRDWQEQLVVGHNVSFDRAHIREQYLIQGSRMRFLDTMSMHMAISGLSSFQRSLWIAAKQGKHKVQPPTKQGQKSQRKARRGPAISSWDWLDISSVNSLAEVHRLYVGGPPLEKEPRELFVKGTMKDIRENFQDLMQYCAQDVWATHEVFQQQLPLFLERCPHPVTLAGMLEMGVSYLPVNQNWERYLAEAQGTYEELQREMKKSLMDLANDACQLLSGERYKEDPWLWDLEWDLQEFKQKKAKKVKKEPATASKLPIEGAGAPGDPMDQEDLGPCSEEEEFQQDVMARACLQKLKGTTELLPKRPQHLPGHPGWYRKLCPRLDDPAWTPGPSLLSLQMRVTPKLMALTWDGFPLHYSERHGWGYLVPGRRDNLAKLPTGTTLESAGVVCPYRAIESLYRKHCLEQGKQQLMPQEAGLAEEFLLTDNSAIWQTVEELDYLEVEAEAKMENLRAAVPGQPLALTARGGPKDTQPSYHHGNGPYNDVDIPGCWFFKLPHKDGNSCNVGSPFAKDFLPKMEDGTLQAGPGGASGPRALEINKMISFWRNAHKRISSQMVVWLPRSALPRAVIRHPDYDEEGLYGAILPQVVTAGTITRRAVEPTWLTASNARPDRVGSELKAMVQAPPGYTLVGADVDSQELWIAAVLGDAHFAGMHGCTAFGWMTLQGRKSRGTDLHSKTATTVGISREHAKIFNYGRIYGAGQPFAERLLMQFNHRLTQQEAAEKAQQMYAATKGLRWYRLSDEGEWLVRELNLPVDRTEGGWISLQDLRKVQRETARKSQWKKWEVVAERAWKGGTESEMFNKLESIATSDIPRTPVLGCCISRALEPSAVQEEFMTSRVNWVVQSSAVDYLHLMLVAMKWLFEEFAIDGRFCISIHDEVRYLVREEDRYRAALALQITNLLTRCMFAYKLGLNDLPQSVAFFSAVDIDRCLRKEVTMDCKTPSNPTGMERRYGIPQGEALDIYQIIELTKGSLEKRSQPGP*,ENSG00000140521,ENST00000268124.11,POLG,P54098,MSRLLWRKVAGATVGPGPVPAPGRWVSSSVPASDPSDGQRRRQQQPQQPQVLSSEGGQLRHNPLDIQMLSRGLHEQIFGQGGEMPGEAAVRRSVEHLQKHGLWGQPAVPLPDVELRLPPLYGDNLDQHFRLLAQKQSLPYLEAANLLLQAQLPPKPPAWAWAEGWTRYGPEGEAVPVAIPEERALVFDVEVCLAEGTCPTLAVAISPSAWYSWCSQRLVEERYSWTSQLSPADLIPLEVPTGASSPTQRDWQEQLVVGHNVSFDRAHIREQYLIQGSRMRFLDTMSMHMAISGLSSFQRSLWIAAKQGKHKVQPPTKQGQKSQRKARRGPAISSWDWLDISSVNSLAEVHRLYVGGPPLEKEPRELFVKGTMKDIRENFQDLMQYCAQDVWATHEVFQQQLPLFLERCPHPVTLAGMLEMGVSYLPVNQNWERYLAEAQGTYEELQREMKKSLMDLANDACQLLSGERYKEDPWLWDLEWDLQEFKQKKAKKVKKEPATASKLPIEGAGAPGDPMDQEDLGPCSEEEEFQQDVMARACLQKLKGTTELLPKRPQHLPGHPGWYRKLCPRLDDPAWTPGPSLLSLQMRVTPKLMALTWDGFPLHYSERHGWGYLVPGRRDNLAKLPTGTTLESAGVVCPYRAIESLYRKHCLEQGKQQLMPQEAGLAEEFLLTDNSAIWQTVEELDYLEVEAEAKMENLRAAVPGQPLALTARGGPKDTQPSYHHGNGPYNDVDIPGCWFFKLPHKDGNSCNVGSPFAKDFLPKMEDGTLQAGPGGASGPRALEINKMISFWRNAHKRISSQMVVWLPRSALPRAVIRHPDYDEEGLYGAILPQVVTAGTITRRAVEPTWLTASNARPDRVGSELKAMVQAPPGYTLVGADVDSQELWIAAVLGDAHFAGMHGCTAFGWMTLQGRKSRGTDLHSKTATTVGISREHAKIFNYGRIYGAGQPFAERLLMQFNHRLTQQEAAEKAQQMYAATKGLRWYRLSDEGEWLVRELNLPVDRTEGGWISLQDLRKVQRETARKSQWKKWEVVAERAWKGGTESEMFNKLESIATSDIPRTPVLGCCISRALEPSAVQEEFMTSRVNWVVQSSAVDYLHLMLVAMKWLFEEFAIDGRFCISIHDEVRYLVREEDRYRAALALQITNLLTRCMFAYKLGLNDLPQSVAFFSAVDIDRCLRKEVTMDCKTPSNPTGMERRYGIPQGEALDIYQIIELTKGSLEKRSQPGP*,,15,89333596,89333626,89876827,89876857,TTGCTGCTGCTGCTGCTGCTGCTGCTGCTGC,T,inframe_deletion,MODERATE,POLG,ENSG00000140521,ENST00000268124.11,protein_coding,ClinVar,Benign,B/LB,No,12.0,0.000383263,0.045530057,0.39496,Benign,2.23,neutral,0.21,96.0
2504,2504,2588,ENST00000268124.11,inframe_insertion,45,,Q,RQ,MSRLLWRKVAGATVGPGPVPAPGRWVSSSVPASDPSDGQRRRQQQQQQQQQQQQQPQQPQVLSSEGGQLRHNPLDIQMLSRGLHEQIFGQGGEMPGEAAVRRSVEHLQKHGLWGQPAVPLPDVELRLPPLYGDNLDQHFRLLAQKQSLPYLEAANLLLQAQLPPKPPAWAWAEGWTRYGPEGEAVPVAIPEERALVFDVEVCLAEGTCPTLAVAISPSAWYSWCSQRLVEERYSWTSQLSPADLIPLEVPTGASSPTQRDWQEQLVVGHNVSFDRAHIREQYLIQGSRMRFLDTMSMHMAISGLSSFQRSLWIAAKQGKHKVQPPTKQGQKSQRKARRGPAISSWDWLDISSVNSLAEVHRLYVGGPPLEKEPRELFVKGTMKDIRENFQDLMQYCAQDVWATHEVFQQQLPLFLERCPHPVTLAGMLEMGVSYLPVNQNWERYLAEAQGTYEELQREMKKSLMDLANDACQLLSGERYKEDPWLWDLEWDLQEFKQKKAKKVKKEPATASKLPIEGAGAPGDPMDQEDLGPCSEEEEFQQDVMARACLQKLKGTTELLPKRPQHLPGHPGWYRKLCPRLDDPAWTPGPSLLSLQMRVTPKLMALTWDGFPLHYSERHGWGYLVPGRRDNLAKLPTGTTLESAGVVCPYRAIESLYRKHCLEQGKQQLMPQEAGLAEEFLLTDNSAIWQTVEELDYLEVEAEAKMENLRAAVPGQPLALTARGGPKDTQPSYHHGNGPYNDVDIPGCWFFKLPHKDGNSCNVGSPFAKDFLPKMEDGTLQAGPGGASGPRALEINKMISFWRNAHKRISSQMVVWLPRSALPRAVIRHPDYDEEGLYGAILPQVVTAGTITRRAVEPTWLTASNARPDRVGSELKAMVQAPPGYTLVGADVDSQELWIAAVLGDAHFAGMHGCTAFGWMTLQGRKSRGTDLHSKTATTVGISREHAKIFNYGRIYGAGQPFAERLLMQFNHRLTQQEAAEKAQQMYAATKGLRWYRLSDEGEWLVRELNLPVDRTEGGWISLQDLRKVQRETARKSQWKKWEVVAERAWKGGTESEMFNKLESIATSDIPRTPVLGCCISRALEPSAVQEEFMTSRVNWVVQSSAVDYLHLMLVAMKWLFEEFAIDGRFCISIHDEVRYLVREEDRYRAALALQITNLLTRCMFAYKLGLNDLPQSVAFFSAVDIDRCLRKEVTMDCKTPSNPTGMERRYGIPQGEALDIYQIIELTKGSLEKRSQPGP*,ENSG00000140521,ENST00000268124.11,POLG,P54098,MSRLLWRKVAGATVGPGPVPAPGRWVSSSVPASDPSDGQRRRQQRQQQQQQQQQQQPQQPQVLSSEGGQLRHNPLDIQMLSRGLHEQIFGQGGEMPGEAAVRRSVEHLQKHGLWGQPAVPLPDVELRLPPLYGDNLDQHFRLLAQKQSLPYLEAANLLLQAQLPPKPPAWAWAEGWTRYGPEGEAVPVAIPEERALVFDVEVCLAEGTCPTLAVAISPSAWYSWCSQRLVEERYSWTSQLSPADLIPLEVPTGASSPTQRDWQEQLVVGHNVSFDRAHIREQYLIQGSRMRFLDTMSMHMAISGLSSFQRSLWIAAKQGKHKVQPPTKQGQKSQRKARRGPAISSWDWLDISSVNSLAEVHRLYVGGPPLEKEPRELFVKGTMKDIRENFQDLMQYCAQDVWATHEVFQQQLPLFLERCPHPVTLAGMLEMGVSYLPVNQNWERYLAEAQGTYEELQREMKKSLMDLANDACQLLSGERYKEDPWLWDLEWDLQEFKQKKAKKVKKEPATASKLPIEGAGAPGDPMDQEDLGPCSEEEEFQQDVMARACLQKLKGTTELLPKRPQHLPGHPGWYRKLCPRLDDPAWTPGPSLLSLQMRVTPKLMALTWDGFPLHYSERHGWGYLVPGRRDNLAKLPTGTTLESAGVVCPYRAIESLYRKHCLEQGKQQLMPQEAGLAEEFLLTDNSAIWQTVEELDYLEVEAEAKMENLRAAVPGQPLALTARGGPKDTQPSYHHGNGPYNDVDIPGCWFFKLPHKDGNSCNVGSPFAKDFLPKMEDGTLQAGPGGASGPRALEINKMISFWRNAHKRISSQMVVWLPRSALPRAVIRHPDYDEEGLYGAILPQVVTAGTITRRAVEPTWLTASNARPDRVGSELKAMVQAPPGYTLVGADVDSQELWIAAVLGDAHFAGMHGCTAFGWMTLQGRKSRGTDLHSKTATTVGISREHAKIFNYGRIYGAGQPFAERLLMQFNHRLTQQEAAEKAQQMYAATKGLRWYRLSDEGEWLVRELNLPVDRTEGGWISLQDLRKVQRETARKSQWKKWEVVAERAWKGGTESEMFNKLESIATSDIPRTPVLGCCISRALEPSAVQEEFMTSRVNWVVQSSAVDYLHLMLVAMKWLFEEFAIDGRFCISIHDEVRYLVREEDRYRAALALQITNLLTRCMFAYKLGLNDLPQSVAFFSAVDIDRCLRKEVTMDCKTPSNPTGMERRYGIPQGEALDIYQIIELTKGSLEKRSQPGP*,,15,89333621,89333622,89876852,89876853,T,TGCC,inframe_insertion,MODERATE,POLG,ENSG00000140521,ENST00000268124.11,protein_coding,ClinVar,Likely benign,B/LB,No,8.868,0.000252906,0.023086461,0.40338,Benign,-0.07,neutral,0.27,91.0
